uname,text,date,language,reply,likes,reply_count,view_count,retweet_count
baseconvo,viv0 y100 dituker sama sumsang a32 yay or nay?? ð¤,[],in,,1,6,730,0
baseconvo,ð­ guys wta kalau ke LN exp spore/thai better ikut trip atau enggak ya?? sorry no salty pls ini first time huhu ð¥¹,[],in,,0,10,1157,1
baseconvo,"guys kalo ada temen cowok yg ngebet bgt mampir ke rumah tuh kenapa yaa? btw disini dia doang yg pengen, gaada temen2 lain. dia jg tau sih di rumah ada ibuku sm nenek...ð­ð«µð» mksd sender biar gk canggung kenapa gak reramean aja gitu kesininya ð­ ð­",[],in,,0,4,856,0
baseconvo,"ð jadi adek sender beli sosis trs dibuat sw sama dia, tp sender salfok bangett sama caption nya ð­ð­ ",[],in,,37,15,2080,1
baseconvo,ð yay or nay ke gacoan cuma beli dimsumnya aja ,[],in,,31,74,4506,0
baseconvo,ð kangen partner hts an yang udah asing,[],in,,7,17,2284,2
baseconvo,ð kalo begini tuh dia d34cT/bl0kir kita ? ,[],in,,2,28,2755,0
baseconvo,ð­ guys pap makan siang kalian dong,[],in,,0,4,816,0
baseconvo,ð KALO GA KEBELET KEBELET BANGET GW JUGA GA AKAN MAU B3RAK DI WC YANG GA ADA SABUN ð­ð­ð­,[],in,,0,10,1237,0
baseconvo,ð guys kerja freelance itu awalnya harus bayar ga? no salty ya sender gatau soalnya ð,[],in,,2,10,1476,0
baseconvo,Ditempat kalian panas atau adem guys?ð,[],in,,4,85,4286,0
baseconvo,"ð besok aku sempro, aku cemas bgt takut apalagi aku anaknya ceroboh dan gampang blank. Sekarang aja dadaku sakit bgt mungkin dari efek lambung. Ada ga amalan gitu buat dibaca biar dipermudah urusab, aku lg haid jd belom bisa sholat. Makasii",[],in,,2,8,1078,0
baseconvo,"ð­ sender lagi nganggur menuju wisuda, jd pgn cari kesibukan kaya belajar excel dasar. mending bljr dr youtube dlu atau ambil course berbayar ya? terimakasih",[],in,,1,3,747,0
baseconvo,ð penyebab asam lambung apa ya?,[],in,,10,55,4790,0
baseconvo,"ð punya pacar pengangguran,kita udah usaha buat bantuin tanyain loker ke temen2ku tapi masih belum ada yang kasih info, eh malah dengan santainya bilang ke sender kalo sender ga bantu apa2 ð",[],in,,1,10,1143,0
baseconvo,ð kalian minum air putih seberapa sehari ?,[],in,,0,15,1674,0
baseconvo,ð saranin game offline yg seru dong gais,[],in,,2,5,867,0
baseconvo,ð guys aku mau nanya emg kalau jar* tlunjuk ke pt*ng bisa tmbuh lagi ya ð¥¹,[],in,,1,21,2566,0
baseconvo,"ð main qrt yuk, bosen deh. tapi pertanyaannya jangan itu-itu aja ð",[],in,,37,71,9662,3
baseconvo,"ð hai, minta tolong buat tag acc @.sosiolhogi akunnya lagi rusak. terima kasih",[],in,,0,3,910,0
baseconvo,ð¤ titipan pls bantuin orangnya ges ,[],in,,0,1,745,0
baseconvo,"mau post sg foto laut tapi bingung lagu yg cocok apa, saran dong guys thank u ð­",[],in,,16,26,3587,1
baseconvo,"ð MET PAGI, ADAKAH SEMANGAT DI DADAMU?",[],in,,16,122,6216,0
baseconvo,"ð Pagi guys, jangan lupa sarapan ð¤­ð ",[],in,,12,3,1805,4
baseconvo,"ð­ Kenapa ya malem"" gini jadi gabisa tidur ð",[],in,,8,12,2849,4
baseconvo,"forever young, i want to be forever young.. pls...ð¤",[],en,,23,3,1501,10
baseconvo,ð­ kak bantu like dan komen lombaku dong di ig ð deadline nya udah mepet banget ððð«° reply saja ya nanti aku dm linknya ð«° trimss ya ðð ,[],in,,1,12,1343,0
baseconvo,ð ku kira gempa ternyata darah rendah ðµ,[],in,,16,10,2184,3
baseconvo,ð kasih tips biar nggak insomnia dong gusy. susah tidur akhir-akhir ini bikin jadwal kacau ðâð»,[],in,,1,8,1146,0
baseconvo,ð¤ pacar kalian kalo lg kerja jd sibuk bgt ga?ðð®âð¨ ,[],in,,341,81,15279,4
baseconvo,"rasa dimsum paling enak menurutmu? ð¤
a. ayam
b. udang
c. keju
d. jamur",[],in,,31,156,9915,0
baseconvo,Guys kalau pilek tiap pagi sama bersin2 terus itu normal karna kedinginan kan ya bukan penyakit? ð,[],in,,3,7,1338,0
baseconvo,ð Contoh omongan yg ga bisa dipercaya :,[],in,,29,99,10942,1
baseconvo,kalian lagi suka ndengerin lagu apa nih? ð ,[],in,,2,13,1598,0
baseconvo,"ð hal yang paling males kalian lakuin apa guys? 
me : ngecas hpð",[],in,,17,47,4422,0
baseconvo,ð guys lagi pada ngapain?,[],in,,0,45,3509,0
baseconvo,"ð­ saranin ide jualan produk di orange yang sering dibeli sama orang dong, sender mau mulai jualan di orange tapi bingung produk"" yang sering dibeliðð§¡",[],in,,1,4,1298,0
baseconvo,langsung login disini buat kirim menfess ya!,[],in,,2,5,1298,0
baseconvo,RT @driveinlondon: *gemeter* tHANK YOU SAYANG @baseconvo ,[],en,,0,0,0,1
baseconvo,ð­ main qrt random yuk! ð¤©,[],en,,30,96,10407,0
baseconvo,"ð­ adek gue lagi garap tugas, tiba-tiba teriak BAWA ð¥ DIA ð KEMBALI ð­ HI... I... IIII... YEAHHH ð©",[],in,,1111,57,20122,46
baseconvo,"BASECONVO OPEN FOLLBACK 3

1. Repost opfoll ini
2. Repost postingan di bawah
3. Reply done Ge

Good luck! ð¦",[],en,,21,142,6496,114
baseconvo,yuk last nih 5 menit lagii,[],in,baseconvo,6,30,1647,2
baseconvo,"RT @badutbalita: DARI SEKIAN BULAN MENUNGGUð­ MAKASIH ADMIN CAKEPPðððð
@baseconvo ",[],in,,0,0,0,1
baseconvo,RT @devideneira: Terimakasih xie xieee @baseconvo ðððððð ,[],in,,0,0,0,1
baseconvo,RT @bodiepaint: FINALLY DAPAT FOLLBACK. Thanks admin. ð¥¹ @baseconvo ,[],en,,0,0,0,1
baseconvo,RT @imicwu: OMOOOðððð THANK U GE @baseconvo LOPYUUU ðð¥°ðð«°ð»ð«°ð»ð«°ð» ,[],en,,0,0,0,1
,,[],,,0,0,0,0
baseconvo,ð JANGAN YA DEK YA ,[],in,,19,4,16781,2
baseconvo,"BASECONVO OPEN FOLLBACK 2

1. Repost opfoll ini
2. Repost postingan di bawah
3. Reply done Ge

Good luck! ð¦",[],en,,12,126,5276,106
baseconvo,ditunggu 3 menit agi ya,[],in,baseconvo,3,12,866,0
baseconvo,"RT @baseconvo: BASECONVO OPEN FOLLBACK 3

1. Repost opfoll ini
2. Repost postingan di bawah
3. Reply done Ge

Good luck! ð¦",[],en,,0,0,0,114
baseconvo,"RT @baseconvo: BASECONVO OPEN FOLLBACK 2

1. Repost opfoll ini
2. Repost postingan di bawah
3. Reply done Ge

Good luck! ð¦",[],en,,0,0,0,106
baseconvo,RT @sxeverogers: Terima kasih lov u sekebon @baseconvo ,[],in,,0,0,0,1
baseconvo,"RT @awdqya: thankyouuu gee @baseconvo 
Alhamdulillah ",[],in,,0,0,0,1
baseconvo,RT @flowersunshhin: Terimakasih admin ð¤ @baseconvo ,[],in,,0,0,0,1
baseconvo,"BASECONVO OPEN FOLLBACK 1   

1. Repost opfoll ini   
2. Repost postingan di bawah   
3. Reply done Ge      

Good luck! ð¦",[],en,,23,143,5703,122
baseconvo,yang ini 2 menit agi yaa,[],in,baseconvo,4,10,817,0
baseconvo,"RT @baseconvo: BASECONVO OPEN FOLLBACK 1   

1. Repost opfoll ini   
2. Repost postingan di bawah   
3. Reply done Ge      

Good luck! ð¦",[],en,,0,0,0,122
baseconvo,RT @ololufeJn: AKHIRNYAAA ð«°ð¼ð¹ @baseconvo ,[],in,,0,0,0,1
baseconvo,"RT @blowked: kagettttt bgttt di follback juga, thank u admin cakepð±ð±ð±ð±ð±ð­ @baseconvo ",[],in,,0,0,0,1
baseconvo,RT @jmrenist: @baseconvo heheheheh lopyuuu miminðð»ðºð» ,[],tl,,0,0,0,1
baseconvo,RT @figurawan: Terkejut ke lirik terimakasihh gege ð¥¹ðð @baseconvo ,[],in,,0,0,0,1
baseconvo,RT @gartoily: AKHIRNYAAA MAKASI MIMIN @baseconvo ,[],in,,0,0,0,1
baseconvo,"RT @oftanglei: @baseconvo GEMETER, DEGDEGANNN BANGET, ALHAMDULILLAH DAPET. TERIMAKASIH CE GE ASDFGHJKL ",[],tr,,0,0,0,1
baseconvo,RT @daisukidayow: damn ð¥¹ð¥¹ð¥°ð¥°ðââï¸ðââï¸ð«°ð¼ð«°ð¼ðð¼ðð¼ðð¼ðððð¤ð¼makasih ya kak ya @baseconvo ,[],in,,0,0,0,1
baseconvo,"RT @ddidaboii: ALHAMDULILLAH FINALLY, MAKASI MIN @baseconvo ",[],in,,0,0,0,1
baseconvo,RT @jenoleenial: maaciw admin cayang @baseconvo ð ,[],in,,0,0,0,1
baseconvo,"OPFOLL DULU YUK, RETWEET!",[],in,,11,23,8291,82
baseconvo,JEMPOLNYA SIAPIN KITA PEMANASAN DULU GES,[],in,baseconvo,8,10,778,0
baseconvo,ð apa menu makan malem kalian hariini?,[],in,,2,40,3130,0
baseconvo,"ð­ cowo bertanya, cewe menjawab",[],in,,9,17,4567,1
baseconvo,ð hii moots spotify yu!! rep aja nanti aku dm,[],in,,0,38,2952,1
baseconvo,ð main qrt random yukkk bosen bgt,[],in,,15,67,7840,1
baseconvo,"ð Bentar lagi Virgo Season, nih! Kalian virgo agustus atau september?",[],in,,0,34,2762,0
baseconvo,"gusyy, enaknya buat mkan malam wonton kuah atau mie kuah? ð¤",[],in,,1,39,2448,0
baseconvo,"ð­ asing banget kayak ga pernah vn ""muah"" aja",[],in,,87,101,12447,11
baseconvo,ð¤ GAISS HELPPP kampus sender pasang stella jeruk di lifttt ð«ðð­ ,[],in,,31,25,4015,0
baseconvo,"ð sudah interview 2x tapi belum disebutkan gajinya, tiba2 tanya alamat tempat tinggal, itu wajar apa perlu dicurigai ya ?",[],in,,2,2,987,0
baseconvo,ð kalian percaya ada orang tulus ga dalam hal mencintai??,[],in,,34,153,13329,1
baseconvo,ð­ tolong suruh dia makan @.intereaksi timakacih,[],in,,3,8,2258,1
baseconvo,ð beli lauk ap yh buat mkn nasi yg masih byk iniðð¤ð»,[],in,,0,19,1943,0
baseconvo,ð­ wajar gasih kalo aku gasuka dipanggil ceu/eceu (bahasa sunda)? Mana yg manggil gini tuh yg aku gak deket samsek (dia cowo) dan baru berinteraksi kemaren bgtð­,[],in,,0,1,897,0
baseconvo,ð nanya dong kalian yg kerja di rumah makan gitu udah umr belum,[],in,,0,2,868,0
baseconvo,ð­kalau angkat dumbbell di rumah (bukan di gym) itu termasuk workout juga ga guys?,[],in,,0,6,1189,0
baseconvo,ð jangan ya dek ya,[],in,,176,63,20793,51
baseconvo,"enlighten me plsð 
msih kaget, shock, sedih jd satuâ¦ gatau hrs apaa ð­ ",[],in,,0,14,1823,0
baseconvo,"ð­ Yuk main guys, jawabannya berapa? ",[],in,,261,104,16366,2
baseconvo,ð­ FIRST DATE HARUS GIMANA PLEASE AAAAAKKK,[],en,,2,17,2677,0
baseconvo,ð­ ada ga yg gabut sampe naik turun lift doang? ga keluar keluar sampe sepi ,[],in,,30,31,5884,0
baseconvo,"ð pura pura kerja nguras energi banget ya

kerjaanku di kantor uda selesai semua dari kemarin, ini aku dari pagi gabut banget ð« ð«",[],in,,4,1,1406,0
baseconvo,ð saran makan siang donk guys,[],in,,0,18,1633,0
baseconvo,"ð hi, how r u today?",[],en,,0,20,2099,0
baseconvo,ð caranya biar ga socially awkward ketika di tempat magang dong pleaseeð­ðð»,[],in,,1,2,1182,0
baseconvo,ð­ ada yang punya wording buat kirim form un-sus? ð,[],in,,2,3,1185,0
baseconvo,"ð ldr sama sahabat, masih kontakan jg, terus dia bilang uda nemu temen deket yg enak dan support dia itu rasanya.... ð

bukannya aku ga seneng ya, aku seneng dia punya temen deket, cuma entah kenapa perasaanku agak gimana gitu, agak sesak dikitð¥¹",[],in,,16,6,2384,0
baseconvo,"ð tips merawat rambut dong biar sehat ga rontok2 lagi selain potong yaa,capek banget tiap hari rontok ð­ð­
gapernah skip kondisioner padahal,btw sender berhijab yaa
TIA guyss ð«¶ð» ",[],in,,80,25,5928,3
baseconvo,"ðguys, aku bangun tidur trus pinggang ku sakit bgt, tolong dong saran buat ngilangin sakit nya selain koyo
-Tiað",[],in,,1,4,875,0
baseconvo,"ð Siapa jebolan Indonesia idol favorit kalian? 

Me: Ghea Indrawari ",[],in,,0,3,895,0
baseconvo,ð­ kenapa petugas puskesmas/RS jutek bgt????,[],in,,26,55,9493,0
baseconvo,ð kalian sudah sarapan? sarapan pakai apa?,[],in,,5,27,2590,0
baseconvo,"Ga bakal gw maafin sih. Sebagai pwrempuan gw marah &amp; sakit hati bgt sama kelakuan dia. Bodo amat dibilang jahat, wanda hara lu jauh lebih jahat. Naudzubillah min dzalik ð ",[],in,,102,5,27577,12
baseconvo,ð­ guys kalo tiba2 acc kita di f0ll0w sama acc bule2 luar gitu kenapa ya? ð­ apa ada yg iseng ke kita? mana byk lagi ð­ð­ð­,[],in,,1,9,1683,0
baseconvo,"ð spill playlist after breakup kalian dong, aku habis end sama mas pacar mau galau sampe puas ð",[],in,,1,12,1717,0
baseconvo,ð kalian kalo pagi minumnya air anget apa dingin gusy?,[],in,,1,50,3078,0
baseconvo,"ð­ guys tips ngatasin duri ikan nyangkut plis, sakit banget tenggorokan senderð­",[],in,,6,40,5578,0
baseconvo,ð­ dingin bgt gasiiiii ð¥¶,[],in,,3,24,2033,0
baseconvo,Selamat pagi semua nya ð ,[],in,,66,40,4988,9
baseconvo,"ð haiii, hari senin kamu gimana?",[],in,,2,10,1946,1
baseconvo,ada yg pernah ke dokter tht ga ya? kuping ku kemasukan hewan plsss kira kira bayar brp yh ð­,[],in,,1,11,2250,0
baseconvo,"ð rekomendasiin jus yang enak dongg. kalian yangg tiap hari minum juss pake gula gasihh? sender lagi lumayan cut off gula dari minuman, terus pengen minum jus tiap hari, tapi picky eater bgt ð­",[],in,,0,13,1447,0
baseconvo,ð gimana hari ini? seru gaaa?,[],in,,0,32,3723,0
baseconvo,ð message from baskara langit ,[],en,,5,0,939,2
baseconvo,ð gabut gasih? Enaknya ngapain ya gess?,[],in,,1,14,2121,0
baseconvo,"UMPANNYA UDAH DIGIGIT GUYSS AAAA (doain ak nikah sama dia dong, aamiin) ð ",[],in,,15,8,2544,0
baseconvo,"ð­ mau tanya kalo ini kenapa ya? udah dua kali kaya gini, kejadiannya tuh sama, tiap mau masukin kontak ke grup langsung kaya gitu ",[],in,,1,0,929,0
baseconvo,ð temenan yu???? personal acc only,[],in,,6,47,4211,1
baseconvo,ð¤main qrt random yugg gengs,[],en,,14,52,7945,0
baseconvo,ð move on dari seseorang yang ga pernah jadi milik kita itu is another level of pain.,[],in,,14,1,1636,1
baseconvo,ð LAH GILAK MURAH AMAT 160K WOII ð­ð­ð­ artisnya juga bagus bagus ð§ð»ââï¸ð§ð»ââï¸ya Allah pls Atma Asta tahun ini brsm seseorang ð¤²ð» https://twitter.com/messages/media/1815373762835226945 ,[],in,,3,2,1225,2
baseconvo,"ð LIFE AFTER PAKE KACAMATA, WOE DUNIA SE HD ITU PLSð­ð«°ð",[],in,,663,108,21684,109
baseconvo,"RT @convomf: CONVOMF OPEN FOLLBACK 1

1. Repost tweet ini
2. Repost tweet di bawah
3. Reply done Ce

Good luck yaaa! 

â¦",[],en,,0,0,0,133
baseconvo,"ð kalo umur udah diatas 30, udah kerja dan udah nikah.. Wajar dan sopan ngga sih kalo ortu nanya nanya soal gaji, bahkan sampe nanya dan ngechat temen kantor cuma buat nanyain soal gaji nya berapa? ðð",[],in,,1,2,1164,0
baseconvo,RT @chierrys_: Thank you Gegeee!!ðð«¶ð @baseconvo ,[],en,,0,0,0,1
baseconvo,yA NGGAK SIH... tapi mumpung Gege on jadai langsung diapprove dan bisa kirim menfess,[],in,,0,6,1751,0
baseconvo,KALAU ABIS LOGINJANGAN GANTI USN YAH JADI GA KEBACA SISTEM,[],in,baseconvo,0,5,740,0
baseconvo,"halo guys, kalian gimana harinya? ð",[],in,,0,25,2881,0
baseconvo,soalna aku on basenya gantian ges ada 4 base,[],in,baseconvo,0,1,449,0
baseconvo,RT @hourlyadenna: Finally?? ð¥²ð¥¹ @baseconvo ,[],en,,0,0,0,1
baseconvo,"RT @canddleion: YA ALLAH TREMOOR, THANKYOU SO MUCHHH GEEE @baseconvo ð¤ð¤ð»ð­ ",[],en,,0,0,0,1
baseconvo,LANGSUNG LOGIN KESINI!!!,[],in,,3,7,1614,0
baseconvo,RT @khazemori: AKHIRNYA OI THANK YOU GE ð¤©ð¤© gw beli mie ayam dulu @baseconvo ,[],in,,0,0,0,1
baseconvo,RT @pawthetic_: Sksksk akhirnya dipolbekð­ maacii min Ge muwaaachhhhhhh ðð«¶ð» @baseconvo ,[],in,,0,0,0,1
baseconvo,RT @meowpdf: @baseconvo WOWOWOWWW THANK YOU ,[],en,,0,0,0,1
baseconvo,RT @inierant: @baseconvo HEHEHHEHEHEHE TRIMAKACIW GEE ðð·ð¥°ð¥ ,[],in,,0,0,0,1
baseconvo,RT @jstcallme_na: AAAAAAA DEMI APA?????? MAACIW GEð«¶ð»ð«¶ð»ð«¶ð»ð«¶ð»ð«¶ð»ð«¶ð»ð«¶ð» @baseconvo ,[],ht,,0,0,0,1
baseconvo,RT @J4YSSEONGI: omg thank uuu @baseconvo ,[],en,,0,0,0,1
baseconvo,RT @fluvtershy: @baseconvo aaaa thank youuð¤ð¤,[],en,,0,0,0,1
baseconvo,"RT @ceqgan: DEM AK HARUS PAKE PELET MENG DULU YH BARU DILIRIK, btw thankyou ge lopyu somat @baseconvo ",[],in,,0,0,0,1
baseconvo,RT @_daisyflw_: Terimakasih minnð±ð±ð«¶ð»ð«¶ð» @baseconvo ,[],in,,0,0,0,1
baseconvo,RT @diaxstro: Omg omg min tengkyu @baseconvo ððððð ,[],in,,0,0,0,1
baseconvo,"RT @convomf: â¼ï¸CALLING FOR RESPONDENTâ¼ï¸ 
Haloo kakak fresh gradð tolong bantu aku isi kuesioner skripsiku yuuu biar aku bisa segera bagianâ¦",[],in,,0,0,0,5
baseconvo,"RT @convomf: ð¢ Calling for respondents â¼ï¸ hallo teman2, boleh minta bantuannya untuk isiin dan share kuesioner penelitian akuð¥º. aku lagi buâ¦",[],in,,0,0,0,7
baseconvo,RT @luluskebelanda: @baseconvo finallyy thank youu gegeeðâ¨ ,[],en,,0,0,0,1
baseconvo,RT @nallvcl: @baseconvo GEMETERAN SMPE NGETIK BH TDI WKWKW THANK YOUUU GEð ,[],in,,0,0,0,1
baseconvo,"RT @ciamoonroll: Finally tamat sudah sesi adu jempol adu jempol ini, THANKS GE ððððððð¤ð¤ @baseconvo ",[],in,,0,0,0,1
baseconvo,"BASECONVO OPEN FOLLBACK 1  

1. Repost opfoll ini  
2. Repost postingan di bawah  
3. Reply done Ge    

Good luck! ð¦",[],en,,33,178,7371,150
baseconvo,3 menit lagi yeah,[],in,baseconvo,4,17,1235,0
baseconvo,"BASECONVO OPEN FOLLBACK 2  

1. Repost opfoll ini 
2. FOLLOW @convobase
3. Reply done Ge  

Good luck!ð¦",[],en,,37,202,5969,180
baseconvo,"RT @baseconvo: BASECONVO OPEN FOLLBACK 1  

1. Repost opfoll ini  
2. Repost postingan di bawah  
3. Reply done Ge    

Good luck! ð¦",[],en,,0,0,0,150
baseconvo,RT @SARlWANGI: Hehehehhawheheehheh33h YEY THANKYOU @baseconvo ,[],tl,,0,0,0,1
baseconvo,"RT @zaviecr: HAHAHA OMG I DID IT, thank youuuð @baseconvo ",[],en,,0,0,0,1
baseconvo,"RT @milkcuats: DEMI APA AKHIRNYA DAPET ANJROTT, GA SIA SIA GUE HOSPOT, TERIMAKASIH MIN LOPYU MWAAHHH ðð«¶ð½ @baseconvo ",[],in,,0,0,0,1
baseconvo,Dapet?,[],in,,8,95,3048,0
baseconvo,"RT @hazelntmilk: HABSJANZNA GEMETERRR, thank youuu ð¥ºð¤ð¥ºð¤ @baseconvo ",[],de,,0,0,0,1
baseconvo,RT @wonbinteksip: @baseconvo thank you followbacknya admin! ,[],en,,0,0,0,1
baseconvo,RT @_sategosong: HAHAHAHAHA I DID IT ððð @baseconvo ,[],tl,,0,0,0,1
baseconvo,RT @dedisues: timaci hehe salting aku @baseconvo ,[],in,,0,0,0,1
baseconvo,RT @richoreexr: @baseconvo LAH DAPETð­ð­ EWKKWWK MAKASIð«° ,[],in,,0,0,0,1
baseconvo,opfoll adu jempol sm jaringan mw gak?,[],in,,19,35,4795,4
baseconvo,siapin jemfolnya,[],in,baseconvo,11,18,1850,0
baseconvo,"ð­ warga jakarta esp jakbar, stasiun krl yang deket mall taman anggrek stasiun apa yaa? dan berapa jauh jaraknya ke tujuan? terima kasih ðð»",[],in,,2,2,1387,0
baseconvo,Dari 2020 juga emang gaboleh...,[],in,,4,5,3025,0
baseconvo,ga boleh mutual spree begini ya temen-temen :),[],in,,12,17,10169,0
baseconvo,all unfollowed &amp; muted,[],en,baseconvo,1,1,1654,0
baseconvo,"ð mutualan yu yg suka jbjb, rep aja ya guys",[],in,,3,32,3085,0
baseconvo,ð ges pusat kota di jkt tuh dimana ya titiknya? ak disuruh nentuin jarak dari rumah ke pusat kota berapa km ðð,[],in,,1,6,1520,0
baseconvo,ð kalian lagi ada pacar gak? yang halu gak diajak.,[],in,,17,189,15933,0
baseconvo,ð please mending makan pangsit pedas atau basoo yaaa BINGUNG,[],tl,,2,21,1866,0
baseconvo,"gmn cara stop takut sama ayah sendiri yaaâ¦? selalu mikir âkalo aku ngomong gini dimarahin ga ya..?â padahal ayah baik cumaâ¦krn dlu sering dimarahin jdi gedenya takut bgt buat ngomong sama ayah:( krn jarang ngobrol akhirnya jadi canggung deh, padahal pgn bgt ngobrol ð",[],in,,44,11,4144,4
baseconvo,"ðkalian yang sekolah pulangnya sore, workout nya jam berapa? terus durasi nya berapa lama?",[],in,,6,5,2342,0
baseconvo,"ð || Kalau kalian punya pasangan baru, barang pemberian mantan kalian (yang masih berguna) akan tetap kalian pakai apa anggurin?",[],in,,2,14,2566,0
baseconvo,ð hidup terlalu serius untuk aku yang dikitÂ² ketawa ð­ð­,[],in,,3,0,1062,2
baseconvo,"ð­ wajar gasih kalau aku sedih dan kecewa ketika kita gak tau pacar kita bakal kuliah/kerja luar kota? dia gak cerita apa2 dan kita taunya dari temannya, apa berlebihan?",[],in,,0,12,2063,0
baseconvo,udah denger lagu apa hari ini? coba ss histori spo kalian ð¤ ,[],in,,11,32,4619,0
baseconvo,ð­ rumahku kemasukan 2 tikus got kecil dari tempat wudhu. Yg satu lari lagi ke saluran air yg satu tadi adeku tangkep pake tangan yg dilapisi 2 layer kresek. Tapi adeku jadi parno katanya takut ngegigit atau nyakar. Kalo besok ke puskesmas bisa kan ya?,[],in,,0,3,1172,0
baseconvo,ð 2 3 pantun jarjit. In another life would we still be together? Xixixixixi ga nyambung ah. Yang nyambung cuma tali sepatu,[],in,,16,7,1863,5
baseconvo,"ð hii all, ada yang mau mutualan instagram gaa? khususnya instagram buat belajar gituu kayak post post twibbon untuk ospek, kalau mau komen ya pls ntar aku dm/rep, thank youu &lt;3",[],in,,0,1,980,0
baseconvo,"ð semangat bgt pengen rapihin kamar biar estetik ala pinterest tapi sampe skrg masih digantungin kapan fix digusurnya, kan ga lucu kalo udh estetik eh bulan depannya nih rumah digusur ð",[],in,,0,0,715,0
baseconvo,"ð gais aku ada freelance job yg bisa dikerjain waktu gabut nih dan lumayan buat nambah jajan, ada yang mau gak? rep aja ya aku gedor dm nya jgn lupa open dm yaa !!",[],in,,80,332,19189,0
baseconvo,"ðsiang semua nya, buat kalian yg lg kerja, kuliah, sekolah atau yg rebahan aja dikamar semangat yað¥
Have a nice day everyoneð¥°",[],in,,12,6,1570,2
baseconvo,ð coba qrt pake happy moment kamu sama temen temen kamuð«µð»,[],in,,0,1,1887,0
baseconvo,"ð aku kalo pengen me time:
liat tempatnya â
liat parkirannya â",[],in,,15,5,1940,3
baseconvo,"ð­
haloo selamat siang semuanyað
btw ini menfess pertama senderð«¶ð»",[],in,,0,15,2119,0
baseconvo,"ð­ be completely honest, apa yang menghalangimu dari bersyukur?",[],in,,3,7,1814,0
baseconvo,Hai hai gimana Senin paginya guys?ð,[],in,,1,21,2871,0
baseconvo,"ð hai gaiss, ada yang mau bantu isi padlet ngga ya?? rep aja nanti aku dm. thankyou",[],in,,0,4,1502,0
baseconvo,"ð ada yang punya meme ""bantu _____ nonton konser twice"" itu ga ges, lupa namanya siapa ð­ð­",[],in,,1,1,1161,0
baseconvo,guys rekomen museum di jakarta yg bagus dong ð¤,[],in,,1,2,1304,0
baseconvo,"pagi warga, udh pada bangun blm yaa? gaisseu ak mw tanya obat gusi bengkak apa yhhð«ð« mksh.. ð¤",[],in,,2,17,2826,1
baseconvo,ð¤ gimana hari minggunya? seru nggak? kemana ajaaa kalian?,[],in,,2,21,4038,0
baseconvo,"ð besok senin, semangat ya buat jalanin hari hari nya",[],in,,6,12,2050,0
baseconvo,ð nonton f1 adalah stres yang dibuat sendiri ð­ð­ð­,[],in,,14,11,3467,3
baseconvo,"ð besok dah senin lagi aja, kalian cape gasið¥¹",[],in,,22,52,6981,3
baseconvo,"ð Help guys, aku pertama kali pakek hp merk Samsung jadi masih gk terlalu paham fiturnya. Klo kyak gini tuh cara ubah settingannya tuh gimana ya biar ada angkanya? ",[],in,,27,9,4093,2
baseconvo,gimana perasaan kalian waktu jadi agit?ð,[],in,,3,49,6406,0
baseconvo,ð­ behelan di ortho budget 8jt bisa ga?,[],in,,9,13,5548,0
baseconvo,"spill lagu yang kalian denger sekarang, mau masukin ke playlist siapa tau recomendð¤",[],in,,6,46,3982,0
baseconvo,ð tolong bantu sender untuk menentukan theme line hehe ,[],in,,126,221,21450,2
baseconvo,Yuk temenan sama senderð tapi polbek yhhh hihi,[],in,,4,18,2623,0
baseconvo,ð percaya ya kalau apa yang kamu lihat/tonton berdampak pada perilaku kamu?,[],in,,30,61,8269,4
baseconvo,ð¤ bagi jurus ampuh kalian buat mengatasi sembelit dong gesssssss ð©,[],in,,1,4,1627,0
baseconvo,malem ini matahari nya cantik bngtð,[],in,,9,25,5276,2
baseconvo,"BASECONVO OPEN FOLLBACK

1. Repost tweet ini
2. Repost tweet di bawah
3. Reply done Ce

Yuk absen!!!",[],en,,24,167,8763,150
baseconvo,YUK 4 MENIT LAGI YAAA,[],in,baseconvo,3,27,1414,0
baseconvo,"RT @baseconvo: BASECONVO OPEN FOLLBACK

1. Repost tweet ini
2. Repost tweet di bawah
3. Reply done Ce

Yuk absen!!!",[],en,,0,0,0,150
baseconvo,"ð­ yang akunnya ijo boleh tolong bantu tag @.zziziru ngga, akunnya lagi sakit uhuk uhuk",[],in,,3,16,2980,0
baseconvo,RT @baseconvo: OPEN FOLLBACK RETWEET!!!!,[],en,,0,0,0,198
baseconvo,OPEN FOLLBACK RETWEET!!!!,[],en,,21,54,8338,198
baseconvo,makan malem sama apa? ð,[],in,,0,30,3406,0
baseconvo,"ð Pacaran 5 tahun, bulan depan harusnya tunangan, tapi 2 bulan lalu si cowo selingkuh, ortu nya tau dan mutusin harus nikahin si selingkuhannya, keluarga aku ga bisa apa2, aku pun kaya henti jantung pas dapet undangan pake tanggal yg seharusnya dipake buat tunangan wk",[],in,,1,3,1323,0
baseconvo,ð uda setaun pke samsung baru tau ada fitur buat liat chat whatsapp yg uda ditarik jirð­,[],in,,531,82,31166,13
baseconvo,"WOI GUE NAKSIR, GUE NAKSIR LU. LU NAKSIR GUE GA SIH? (pasti enggak) GUE NAKSIR LU BRUTAL, BERGETAR, LEBAR, LUAR BIASA, ALLAHU AKBAR  ð­",[],in,,64,11,3760,18
baseconvo,ð guyss saran haircare yang ampuh buat ngilangin rambut rontokk donggg,[],in,,1,1,1169,0
baseconvo,ð ini worth buat 5thn kedepan ga ya??? ,[],in,,276,47,24489,7
baseconvo,"ð halo gusy, boleh rekomen lagu yang mirip million dollar baby? TIA",[],in,,0,0,1074,0
baseconvo,ð ada yang mau mutualan linkedin ga ya,[],in,,1,7,2662,1
baseconvo,ð­ gusyy kasi aku rekomendasi drakor yang bromance dong ;),[],in,,0,5,1633,0
baseconvo,ðkalian kalo lagi meetime biasanya kemana?terus ngapain ajaa?,[],in,,0,18,2073,0
baseconvo,"ð kalian ada ngga yang jadi Maba di umur 20 tahun? Hehehe aku udah lulus dari 2022 tapi baru kuliah sekarang di umur aku yg ke 20 tahun, ini engga apa2 kan? Aku grogi banget, takut pas udah masuk kuliah malah minder karna rata2 yg seusia aku pasti udah melangkah jauh.",[],in,,5,23,2968,0
baseconvo,ð eh panas bett kocakkkkk ð,[],in,,18,29,4738,8
baseconvo,"ð pengganti kue ultah tp yg ga manis manis apaya, temen sender yg mau ultah ada sakit gt gaboleh makan yg manis manis (hrs yg makanan sehat aja) kalo taun lalu ky kue abon gtu",[],in,,13,22,5426,0
baseconvo,"menurut kalian wajar gak kalo aku sedih?aku deket sama orang ini udah berbulan-bulan kita gak ada status, tapi tiba tiba dia mutusin buat kita gak berhubungan lagi, tapi seminggu kemudian dia jadian sama cewe lain:)ð",[],in,,0,9,1644,0
baseconvo,ð Kalian kalau hp lg di cas suka ngapain? ,[],in,,173,28,5574,15
baseconvo,"ð Aku kan mau program bulking dan ga bisa kalo menuhin kalori harian dari makanan aja karena gampang kenyang, kalo dibantu minum gainer itu harus diminum tiap hari kah? Terima kasih",[],in,,0,0,1055,0
baseconvo,"ð ini endonesia emang lagi krisis ekonomi atau cuma keluarga gue doang yang lagi diuji ekonominya ya, kok kayanyaa apa2 susah bener ð­",[],in,,452,80,13523,38
baseconvo,gais ada yg bisa bantu kasi solusi gak ya??? ð ,[],in,,2,7,2281,0
baseconvo,ð Sender usia 30an saking udah cape nya dalam pertemanan di usia kepala 3 ini skrg aku menerapkan sistem yg mau berteman kuy yg mau pergi silahkan pergi ð,[],in,,2,4,1531,0
baseconvo,ð­ kalian mau bilang apa?? ,[],in,,91,18,6569,7
baseconvo,ð DO &amp; DON'T SELAMA PAKE HP IPHONE DONG GUYS! ð¥²,[],en,,2,6,1929,0
baseconvo,"ð­ spill sepatu kuliah kalian dong gusyy, tia",[],in,,5,17,4203,0
baseconvo,ð guys ini kenapa sii? aman kah acc sender? kalo ga aman itu ngatasinnya gimana? thank u! ,[],in,,3,5,2164,0
baseconvo,"ð­ gimana ya cara nolak temen dateng ke rumah / ngajal main keluar? suasana rumah lagi gak baik2 aja, terus keuangan sender lg pas2an buat persiapan wisuda.. btw dia kdg suka nelpon tiba2 mau mampir ð­ð­ tp temennya disini bukan cuma sender kok",[],in,,3,8,1860,0
baseconvo,ð Sender mau tanya akun X kalian di TL nya muncul status dari akun2 yg gak kalian follow gak sih? bete banget sumpah pdhal masih burung biru blm di updte ke X ð,[],in,,5,15,3113,1
baseconvo,"ð morning, hari Minggu mau ngapain nih?",[],in,,1,50,4085,0
baseconvo,ð jam segini belom bisa tidur kocakkkkk ð­ð¥ºð¤,[],in,,20,33,6872,6
baseconvo,"ð ada yg pernah ngalamin ga, diputusin karena ovt aku ngerasa hal itu malah jadi bikin toxic ke hubungan, aku ngerasa salah bgt. pdhl aku dah syg bgt sama dia, dia ga tahan sm sifat ovt ku itu, aku msh pgn balikan tp dia nya maju mundur ð­ tutor ilangin ovt dong",[],in,,0,10,1956,0
baseconvo,ð guys sender kok gampang laper banget ya :( ada yg sama gak?,[],in,,0,28,3103,0
baseconvo,ð­ kalian ada gak yg masuk jurusan kuliah itu karena liat peluang kerjanya bukan karena minat?,[],in,,13,51,7444,0
baseconvo,"ð guys sender gabut, enaknya ngapain ya???",[],in,,1,18,2168,0
baseconvo,kalian pernah disidang sama keluarga besar gak? dan karena apa? ð­,[],in,,2,26,4077,0
baseconvo,ð Selama ini aku baru sadar kalau rules di folback base tuh ada sayarat min follower nya ð¥² mari kita mutualan sama sender guys ðð¼,[],in,,14,53,10666,1
baseconvo,ð kalian pada pdkt an brp lama si sampe akhirnya jadian??? gamungkin sebulan doang kan..,[],in,,15,147,19511,1
baseconvo,ð guys kasih tau aku mitos/fakta tentang perkuliahan dong ð,[],in,,8,5,1896,0
baseconvo,"ð Ini dia kenapa ya? Setelah slow respon, tiba-tiba tiap hari pasti ada notif dari dia, random isinya. Ternyata jatuh cinta sesakit ini ya, mana ini pertama kalinya, jadinya bingung cara ngontrol perasaan sendiri. Apakah HTS endingnya selalu asing gini ya? ",[],in,,0,3,978,0
baseconvo,ð saran tontonan yutub dong gusyy,[],in,,18,37,4690,0
baseconvo,"ð ada yang pernah masak (selain nasi) di rice cooker ndaa? aku mau tanyaa"" dongg, sekalian open dm yaa ð¥¹ tia!",[],in,,0,5,1312,0
baseconvo,"wdyt pas mamanya mas pacar tau kalo beliau lagi beli kopi pas sama sender, trs mamanya bilang âaihhhh dioleh-olehin lagiâ mksdnya beliau ngeluh aku dibeliin kopi lagi sm anaknya padahalâ¦aku yg bayar kopinyaâ¦. ð",[],in,,6,4,2425,0
baseconvo,"ð¤ setelah accident papa dali cewekku jadi parnoan bangett,  may he rest in peace. kalian kalo bawa kendaraan hati hati ya. umur gada yg tau tp kalo bisa dicegah dgn hati hatii ",[],in,,96,6,31565,5
baseconvo,"ð¤ saranin lagu yg vibesnya kek gini dong guys. boleh english atau korea, tiað«¶ ",[],in,,1,0,823,0
baseconvo,"ð¤ saranin lagu yg vibesnya kek gini dong guys, tiað«¶ ",[],in,,0,0,900,0
baseconvo,"BASECONVO OPEN FOLLBACK 

1. Repost tweet ini 
2. Repost tweet di bawah
3. Reply done Ce

Good luck!",[],en,,21,177,9924,164
baseconvo,Yuk join!,[],en,baseconvo,0,19,726,0
baseconvo,"RT @baseconvo: BASECONVO OPEN FOLLBACK 

1. Repost tweet ini 
2. Repost tweet di bawah
3. Reply done Ce

Good luck!",[],en,,0,0,0,164
baseconvo,"RT @baseconvo: OPEN FOLLBACK, RETWEET!",[],en,,0,0,0,209
baseconvo,"OPEN FOLLBACK, RETWEET!",[],en,,19,60,8347,209
baseconvo,ð­ agak kesel diginiin padahal cuma becanda doang tapi langsung ditanggepin begitu ,[],in,,166,68,17779,2
baseconvo,ð kalian malam mingguan kemana nih?,[],in,,4,43,4351,0
baseconvo,"ð kalo kalian posisinya putus karena bosen &amp; diajak balikan diajak memperbaiki sama-sama mau balikan gak? Dia green flag kok, super duper baik",[],in,,0,14,2265,0
baseconvo,guyss jus wortel enak gasih? ð,[],in,,3,133,7534,0
baseconvo,ð guys gapapa kan kalo semisal ga ikut organisasi/ukm selama kuliah? aku.. ga dibolehin soalnya :(,[],in,,32,42,8368,1
baseconvo,agenda malem minggu kalian ngapain aja guys? ð­,[],in,,1,71,5953,0
baseconvo,ð NO SALTY krna sender gamau keteteran belajar snbt kyk kemarin ,[],in,,5,1,1204,0
baseconvo,"ð dirumah ada tahu sama udang
enaknya dibikin apa ya?? aku bingung mau masak apa",[],in,,0,7,1649,1
baseconvo,ð­ menurut kalian mending jurusan pendidikan apa perbankan?,[],in,,8,37,7292,0
baseconvo,ð ada yg pernah ngambil uang d atm trs gagal tapi di aplikasinya udah ke potong?? pls dong ini harus gimana?,[],in,,0,3,1204,0
baseconvo,ð fastresp tapi dry text atau slowresp tapi tiap bbl chat dibls excited bahkan stiker jg dibalas ???,[],in,,2,9,2170,0
baseconvo,"guyss, kalian ada yg di rumahnya pasang wifi yg harganya dibawah 200k boleh kasih rekomendasi gaa, makasih sebelumnya ð¤",[],in,,3,5,1647,0
baseconvo,"ð gusy main qrt random yuk, sender gabut bgt nihð",[],in,,22,61,11020,2
baseconvo,ð­ tetangga2 sender banyak banget yang kena tipes &amp; demam berdarah. dom kalian juga ga?,[],in,,2,14,2814,0
baseconvo,ð tw/ ð  titipan guys ,[],en,,11,1,2272,0
baseconvo,"ð sender penakut dan otw nonton sekawan limo sendirian, yay or nay? ð¥¹ð­",[],in,,2,26,3413,0
baseconvo,"ð­ yg pada bikin cincin manik, kalian pake manik2 ukuran berapa guys?",[],in,,1,1,1133,0
baseconvo,"ð¤ siapa punya darah tinggi cung! spill tensi tertinggi kalian dong, sender kemarin pusing bgt ternyata darting ð¥",[],in,,1,13,2366,0
baseconvo,ð Sender mau tanya seMurah apa paket Kuota kalian? Kalau aku pake 5k 3Gb 3hari aja krna lg bokek dan mau ngirit ,[],in,,1,15,2892,1
baseconvo,"misal kita mau ada acara, terus make up di MUA. nah sebelumnya kita pake moist sama ss dr rumah gapapa kah? ð­",[],in,,7,17,4042,0
baseconvo,"ð MALAM GUYSS disini ada yang main biola ga? saranin aku dong harus beli biola yang mana, aku pengen banget belajar main biolað",[],in,,0,2,1318,0
baseconvo,"ð teman timun aku baru mau coba exfo dan aku tipe dry skin. Kalau based on experience kalian, exfoliasi itu better dilakuin berapa kali ya dalam seminggu? Tia ð£",[],in,,6,6,1588,0
baseconvo,"ð¤ keluarkan senjata ampuh kalian untuk mengatasi permasalahan remaja jompo!

sender:  hotynkrim, koio",[],in,,11,37,5088,3
baseconvo,"wifi tiba"" mati kenapa dah. udah nyoba lapor gada tanggapan samsek. masalahnya ini udah bayar, mana dari kemarin wa gada respon cuma di read bot elah kesel gua ð­",[],in,,0,3,1330,0
baseconvo,ð liburan mending nonton harpot dari awal banget atau rewatch anime lama??,[],in,,4,39,3751,0
baseconvo,"ð kalau udah kecewa banget sama pasangan yang beneran gak bisa toleransi lagi, wajar gak untuk kasih silent treatment menurut kalian?",[],in,,1,11,2005,0
baseconvo,ð guys gimana sih caranya dpt temen bahkan kok bisa ada yang punya circle di x? aku buka x dari pagi sampe malem tp ttp ngga ada yang nyantol jdi temen. Bagi tips jbjb dong. Thank you yaaa,[],in,,15,22,5903,1
baseconvo,"RT @baseconvo: ð warga surabaya, int3n yg bagus di surabaya dimana yaa?",[],in,,0,0,0,1
baseconvo,RT @baseconvo: ð kalian besok libur apa masuk gais ? ? ?,[],in,,0,0,0,1
baseconvo,"RT @haruchiyoww: DEMI TUHANNNNNN YA ALLAH FINALLYY MAKASIH MINNðððð¤©ððððððð
@baseconvo ",[],in,,0,0,0,1
baseconvo,RT @fcelliy: thank you Ge ð­ð«¶ @baseconvo ,[],en,,0,0,0,1
baseconvo,ð kalian besok libur apa masuk gais ? ? ?,[],in,,0,24,2306,1
baseconvo,"RT @Patissieru: LAH baru sadar kalau di fb, thanks a looooot ge @baseconvo ",[],in,,0,0,0,1
baseconvo,RT @bvscuit: Menjadi hoki untuk yang ke-2 kalinya ð­ thank you Ge ðð«¶ð«¶ @baseconvo ,[],in,,0,0,0,1
baseconvo,"ð warga surabaya, int3n yg bagus di surabaya dimana yaa?",[],in,,0,0,1229,1
baseconvo,RT @baseconvo: LANGSUNG LOGIN KE WEB YA BIAR LANGSUNG GEGE APPROVE DAN BISA KIRIM MENFESS,[],in,,0,0,0,1
baseconvo,MOVE OPFOLL KE @convobase,[],de,,2,3,2058,0
baseconvo,"RT @billaue: aaaa akhirnya dapet jugaaa ð­ð­
THANK YOU @baseconvo ",[],in,,0,0,0,1
baseconvo,"RT @raakuat: eh jantung ak mw merosot plis, terimakasii banyak cayankk @baseconvo ð¥¹ðâï¸ð¤ð¤ð¤©ð«¶ ",[],in,,0,0,0,1
baseconvo,"RT @powerpufflokyy: @baseconvo fa fi fu
thanks min ge!!
di 2.0 dlu 
yg pusatnya menyusul wkwk ",[],in,,0,0,0,1
baseconvo,LANGSUNG LOGIN KE WEB YA BIAR LANGSUNG GEGE APPROVE DAN BISA KIRIM MENFESS,[],in,,5,7,1677,1
baseconvo,"RT @abjeuy: DEMI APA WOIIIIIIII?!
THANKS MINT @baseconvo MWAH ð¦¦ð¥ð¦¦ð¥ ",[],in,,0,0,0,1
baseconvo,RT @dmrvszs: THANK YOUYYYU @baseconvo ð«¶ð«¶ð«¶ð«¶ ,[],en,,0,0,0,1
baseconvo,RT @vermistiy: kelass ððð @baseconvo ,[],in,,0,0,0,1
baseconvo,RT @scondcoise: aaaaa dapetttt @baseconvo thanks min ðð¥¹ ,[],en,,0,0,0,1
baseconvo,RT @starrgazing__: he doesn't look at me but @baseconvo did it!!! love uu ð» ,[],en,,0,0,0,1
baseconvo,RT @AM_505s: @baseconvo Arigatou ð«¡ ,[],pt,,0,0,0,1
baseconvo,RT @meocacino: gg ga? gg lah masa gað thanks minnnð«¶ð»ð«¶ð» @baseconvo ,[],in,,0,0,0,1
baseconvo,RT @bakpiul: TERIMAKASIH CINTAKUUU PADAHAL AK TADI TYPOOOð¥¶ð¥¹â­ï¸ð¤ð¼â¤ï¸âð¥ @baseconvo ,[],in,,0,0,0,1
baseconvo,ada lagi?,[],in,baseconvo,3,36,1355,0
baseconvo,"BASECONVO OPEN FOLLBACK 1

1. Repost opfoll ini 
2. Repost postingan di bawah 
3. Reply done Ge  

Good luck! ð¦",[],en,,24,145,9204,116
baseconvo,3 menit lagi yuk,[],in,baseconvo,2,12,771,0
baseconvo,flat shoes tuh melambangkan hts banget ga sih,[],in,baseconvo,0,14,1025,0
baseconvo,"RT @baseconvo: BASECONVO OPEN FOLLBACK 1

1. Repost opfoll ini 
2. Repost postingan di bawah 
3. Reply done Ge  

Good luck! ð¦",[],en,,0,0,0,116
baseconvo,"RT @kkuyomiz: ILOVEYOUUUU. yaampun, memang benar dibalik hari yang buruk pasti ada satu yang menyenangkan ðððð @baseconvo â¦",[],in,,0,0,0,1
baseconvo,RT @necblus: alhamdulilah jumat berkah dapet follback dari @baseconvo thank ge/ceð ,[],in,,0,0,0,1
baseconvo,RT @djiewagon: @baseconvo thanks min!!! ,[],en,,0,0,0,1
baseconvo,RT @ycrimiesc: HUUAAAA MAACIHHH @baseconvo ð¥¹ð¥¹âð» ,[],hi,,0,0,0,1
baseconvo,nexttt,[],en,baseconvo,9,0,596,0
baseconvo,"OPFOLL DULU GES, REPOST!",[],de,,12,26,7703,81
baseconvo,Siapin juga jempolnya ya pemanasan cepet2an duluuu,[],in,baseconvo,5,2,606,0
baseconvo,"mau tanya dong gais,nudah ada yg pakai aira mobile (nano bank syariah) punya nya sinarmas belum? 
ini beneran gasih bagi hasil di tabungan tanpa dilock atau deposito 7%? penasaran aku ð ",[],in,,1,0,588,0
baseconvo,"ð gmnsi cara biar ga berlarut larut dlm kesedihan, tiap inget gagalnya tuh cape mau nangis mulu susah bgt nerima kegagalan itu",[],in,,1,8,1354,0
baseconvo,ð slowresp itu dibalas slowresp jg kan btul ap btul,[],in,,48,63,8869,8
baseconvo,ð guys hehe hihi hohoð¤­ððð¥ ,[],tl,,0,0,811,0
baseconvo,ð main tap-tap polling yuk gesss,[],in,,21,71,10755,3
baseconvo,ð gmm caranya ngasih tau org itu kl kita ilfil tanpa nyebut kata itu,[],in,,0,1,803,0
baseconvo,"ð­ skincare apa ya yg bisa mudarin bekas jerawat inii? ini tuh sebenernya pie guys tapi keliatan kaya pih, tia! ",[],in,,0,5,1101,0
baseconvo,"haloo small acc, dnf, unlabeled mari berteman! ð",[],in,,0,7,1179,0
baseconvo,gen ask! ada yang pernah gini ga? following Spotifynya stuck disitu padahal cuma follow 19+ orang doang???? ð­ ,[],in,,1,1,624,0
baseconvo,ð¤ orang yg pamer card atm di story tuh aneh banget gasi? sender naksir org tp dia keliatan flexing bgtð jadi kaya gimana gtu..,[],in,,0,2,851,0
baseconvo,ð­ hal terbodoh apa yang kalian lakuin bulan ini? kalo aku si berharap banyak ke htsð§ð»ââï¸,[],in,,6,14,2485,0
baseconvo,"Kalo cowo kalian following tikt*k nya kebanyakan cewe cantik bahkan cewe pakaian terbuka, kalian marah ga guys?ðð",[],in,,1,22,2841,0
baseconvo,ð hii ada yg punya rekomendasi tempat servis laptop di jakarta/tangerang?,[],in,,1,1,899,0
baseconvo,"ð­ kalian yang punya abang kalo abang kalian masih suka gemes ke kalian gimana? ABANGKU SUKA BANGET TBTB NGERANGKUL TERUS CIUM PIPI GITU DIKIRA MASIH 3 TAHUN APA YAA, dimata dia aku kecil terus...",[],in,,20,17,3955,0
baseconvo,"ð­ haloo, ada yang pernah ganti baterai laptop tapi bukan di service centernyaa? itu awet ga yaaa? soalnya kl di service centernya udh nanya harganya mahal bgtt...",[],in,,0,5,1161,0
baseconvo,ð PLS CARA ILANGIN TELUR KUTU ITU GIMANA DI RAMBUT ð thank u!,[],in,,1,16,2710,0
baseconvo,ð­ uninst ml yay or nayâ¦? ð§ð»ââï¸ ,[],en,,1,24,3218,0
baseconvo,ð¤ guys tolong rekomendasi tempat makan atau nongkrong di blok m yang gak terlalu waiting list dan gak mahal dong :( makasii! ,[],in,,9,4,1342,0
baseconvo,"ð guys sebutin top 3 band Indonesia yang kalian sukakkk bangett sama lagunya ituu!!
Sender duluan ya!!
1. peterpan
2. dewa 19
3. juicy Luicy",[],in,,17,57,8837,0
baseconvo,"cw // food

ð di daerah kalian ini namanya apa sama harganya berapa? 
di daerah sender namanya hahayaman (tepung 90% padahal) harganya seribuan ",[],in,,1,3,1047,0
baseconvo,"ð eh kenapa ya sender tu bagian wajah ny yg mulus glowing idung sm jidat beda sm pipi yg ga semulus idung sm jidat, itu knp ya, ada yg gt juga gasih",[],in,,0,1,892,0
baseconvo,ð mau tanya dong jd tipe kulit ku tuh bertekstur terus kering bgt dan gampang bruntusan itu cara ngatasinnya gimana yaa? pake apa rangkaiannya? :(,[],in,,5,3,1305,0
baseconvo,t i t i p a n lagi guys ð­ ,[],in,,0,1,762,0
baseconvo,"ð jangan lupa untuk selalu berbuat baik ya temen-temen, karena maut, jodoh, rezeki gak ada yang tau ð«¶ð»ð«¶ð»",[],in,,15,1,1395,4
baseconvo,ð­ boleh ucapin selamat ke temenku yang baru lulus sÂ¡dang skrÂ¡psi? namanya kharisma! tia~,[],in,,1,11,2031,1
baseconvo,ð¤ help dong laptopku tiba-tiba ngelag jadi hitam gitu harus gimana benerinnya ya??ð­ð­ð­,[],in,,0,6,1254,0
baseconvo,"sender ketemu cowok aneh, ngechat sender terus tp salah panggil nama. trus tiba2 ngechat lg dan dan unsend (disini sender tau dia gak save nomor sender) trus kaya gitu maksudnya gimana deh?  ð­",[],in,,1,4,1107,0
baseconvo,"ð­ Guys aku baru lulus sma, aku putusin pacarku karena habis merenung sebenernya tujuanku pacaran tu apasih? dan aku gak nemu jawaban itu untuk masa depan. Aku salah gak ya? Dia baik banget padahal",[],in,,56,27,6729,1
baseconvo,ð­ gue baru tau putus cinta ternyata sesakit ini... sedih banget ngebayangin hari hari tanpa dia,[],in,,4,26,3480,2
baseconvo,ð¤ doimu gini gak? atau malah sebaliknya? ,[],in,,25,17,3823,0
baseconvo,"Katanya kalo di sams*ng, pesan WA yg kehapus bisa diliat di riwayat notifikasi. tapi kok ini ndak ada yaa? :( ð­ ",[],in,,0,1,1151,0
baseconvo,ð ada yg berkenan buat isi padlet mensive gak? nanti aku dm yaa,[],in,,0,5,1225,0
baseconvo,ð ganti handuk tu bagusnya tiap kapan ya?,[],in,,2,12,2586,0
baseconvo,"ð mau nanya dong guys, muka kalian pada kering ga sekarang? semenjak cuaca dingin muka sender pada ngelupas:((",[],in,,4,20,3134,1
baseconvo,ð kalian tadi sarapan pake apa?,[],in,,0,52,4487,0
baseconvo,"ð­ sarapan diatur warga twitter, mending bubur ayam atau kupat tahu?",[],in,,2,48,3155,0
baseconvo,ð¤ choose reels ig or yt short?,[],en,,0,49,2647,0
baseconvo,"ð¤ guys, kalian ada gak sih yg badannya suka tb2 luka (ntah kayak dicakar atau apa) tapi ga ngerasain sakit sama sekali? masa kata temenku itu dicakar setanð",[],in,,4,27,3622,1
baseconvo,ð¤ kalian tiap pagi team sarapan dulu apa gak pernah sarapan?,[],in,,8,88,5757,0
baseconvo,"ð­ aku smt akhir (banget) yg udh disuruh sidang dan beresin draft. Batas pendaftaran kan sampe besok, awalnya pembimbing aku bilang kerjain aja dulu. Tapi tbtb kemaren beliau nge chat nyuruh aku nambahin sesuatu gitu. Boleh kan kalo misal gak aku turuti? Bingung soalnya",[],in,,1,1,1251,0
baseconvo,ð akun twt ke kunci trs itu kenapa si? ð­ dan cara ngatasinnya biar ga ke kunci itu gimana? kdg suka ke logout sndiri jg,[],in,,0,1,1107,0
baseconvo,belum tidur itu sebenarnya lagi nungguin apa sih? ð­,[],in,,3,26,3087,0
baseconvo,ð¤ guys kalian ada yg susah tidur juga gak sih? ð sender susah tidur sampai menganggu kehidupan sehari-hari ð,[],in,,13,17,2487,1
baseconvo,ð¤ EH SERIUSANNN DEH LU PADA INGET GAK PROBLEM SOAL BAJU YG PUTIH EMAS TAPI ADA YG BILANG BIRU ITEM??? DEMI ALEKK GUE BERANTEM BESAR GRGR ITU SM KAKAK GUE FAKKKK,[],in,,8,18,3814,1
baseconvo,ð¤ x kalian lemot gasih guys...?,[],in,,1,10,2083,0
baseconvo,"gua mau renew member yt kok gabisa ye, malah begini. ada yg tau ga knp? saran dong benerin nya ð­ ",[],in,,0,1,977,0
baseconvo,jangan lupa bayar utang! jangan sampai kita bayar pakai pahala kita di akhirat ð ð,[],in,,26,4,2540,3
baseconvo,"ð ada yang dm gini jujur aku sedih bgt, pengen bantu tapi aku sendiri ga pegang uang sama sekali. Aku sampe ceritain kondisiku sejujurnya :( maaf Ya Allah aku kadang kurang bersyukur ðð ",[],in,,6,3,1550,0
baseconvo,"ð  guys aku lagi ngerasa capek dan bingung harus gimana, udah mencoba yang terbaik dan selalu aja dilihat kurang sama keluarga. aku ngerasa mereka ga pernah cukup sama hasil yang udah aku kasih. jujur capek banget",[],in,,5,3,1147,2
baseconvo,ð mending mie ayam atau gacoan,[],in,,13,130,9285,0
baseconvo,"ð kerja gaji 2jt an tp diluar kota, kost dan makan sendiri, wajar kan kalo sender gamau?? dan lebih milih kerja di dom sender yg gajinya 2jt an juga tp deket rumah dan makan sm ortu (sender cm berdua sm ibu)",[],in,,7,17,3421,0
baseconvo,ð kata kata yg ampuh donk bwat catatan ig biar di rep mas crushâð»,[],in,,2,1,1214,0
baseconvo,"ð hi guys boleh ga rekomendasiin laptop budget 4 jutaan, buat penggunaan ringan aja, yg udah ssd, plus minus nya kalo bisa spill, laptop lama ku tbtb mati kayanya emang dah capeð",[],in,,2,2,885,1
baseconvo,ð­ we tweet because no one listens,[],en,,14,9,1904,8
baseconvo,"cw // food

ð sender sebenernya ga terlalu suka kecap dan saos, tapi kalo di mie nyemek kenapa mereka enak banget yaa? ",[],in,,5,5,1210,0
baseconvo,"ð­ [titipan] aku udah suka sama cwo ini selama 3 taun dan udah ketikung 2x sama temen sendiri, mending maju terus atau mundur?",[],in,,1,9,2011,1
baseconvo,ð­ mending simpen uang di seabank apa neobank yaâ¦?,[],in,,1,6,1760,0
baseconvo,"ð kalian pake tws apa?? rekomendasiin yg baterainya tahan lama awet apa yaa, punya sender cepet bgt mati",[],in,,15,40,4662,1
baseconvo,ð¤ bagi aku meme andalan kalian doong. mau panen ð ,[],in,,18,15,2578,2
baseconvo,"ð gabut bgt, main qrt random yuk",[],in,,20,50,8310,1
baseconvo,ð main qrt random yuk!,[],en,,7,36,5934,2
baseconvo,"ð­ hii moots kiriman menfess pertama, salam kenal buat semuanya ð¥°",[],in,,1,11,1974,0
baseconvo,ð¤ hai ini menfess pertama sender,[],it,,2,9,1607,0
baseconvo,"RT @Raizel_820: Wih ga nyangka
Terimakasih min follbacknya @baseconvo ",[],in,,0,0,0,1
baseconvo,RT @jwrybelle: Mwah @baseconvo ,[],in,,0,0,0,1
baseconvo,RT @yappexr: thank u min @baseconvo ,[],en,,0,0,0,1
baseconvo,LANGSUNG LOGIN YA MUMPUNG GG MASIH ON JADI BISA LANGSUNG APPROVE!,[],in,,1,5,1331,0
baseconvo,RT @dfttae: OMO KAGETT!!! tencuu min @baseconvo ð ,[],in,,0,0,0,1
baseconvo,RT @hiiiell: huhuhu ngga nyangka bakal di follback. Terimakasih banyak admin @baseconvo ,[],in,,0,0,0,1
baseconvo,RT @CHIGIRlI: THANK U AILOFYUUâ¤ @baseconvo ,[],in,,0,0,0,1
baseconvo,RT @stqress: lagi.... galau... dapet fb convo.... thank you ge..... @baseconvo ð«¶ð¼ ,[],en,,0,0,0,1
baseconvo,RT @zeurha: @baseconvo makasiii gegeeð¤ ,[],in,,0,0,0,1
baseconvo,RT @taleofmystic: thank you! ð©µ @baseconvo ,[],en,,0,0,0,1
baseconvo,"RT @kenzadex: i love you min, thanks ya @baseconvo ",[],en,,0,0,0,1
baseconvo,RT @toumhs: wow ... wow ... wow. thank you sooo much admin @baseconvo ,[],en,,0,0,0,1
baseconvo,"RT @baseconvo: AKSES KIRIM AUTOMENFESS BASECONVO

1. Follow dan sudah difollback base @baseconvo
2. Baca dan patuhi rules. 
3. Login melaluâ¦",[],in,,0,0,0,10
baseconvo,RT @detectyive: YIPPIE FINALLY! THANK YOU GE ð @baseconvo ,[],en,,0,0,0,1
baseconvo,RT @Mawpac: Finallyy di fb makasiee ð«¶ð» @baseconvo ,[],in,,0,0,0,1
baseconvo,ð­ mau liat hasil jepretan kamera malam kalian dong gesss,[],in,,0,0,978,0
baseconvo,RT @parkgyuka: YEAYY DAPETT!!ð­ THANK YOU SM GEðð©µ @baseconvo ,[],en,,0,0,0,1
baseconvo,RT @junzio: @baseconvo MAKASIH BANYAKK KAKKKK ð­ð­ð­ð­ tidak menyangka bakal dilirik!!! ,[],in,,0,0,0,1
baseconvo,"ð¤  PLISSS HIJAB YG ADEM, GK NERAWANG+GAMPANG DIATUR ALIAS SEKALI TIUP LGSG TEGAK PARIPURNA ITU BIASANYA DARI BAHAN APA YA???? PARIS PREMIUM APA VOAL?!??!? TELL SENDER PLSSSS SENDER MUK BELI HIJAB TPI BINGUNG ",[],in,,12,10,2533,0
baseconvo,RT @unicalaurn: @baseconvo wow bjir finally thanks geðµâð«ð«°ð» ,[],en,,0,0,0,1
baseconvo,RT @yiumineee: @baseconvo tengs yh dah lirik ak ,[],in,,0,0,0,1
baseconvo,RT @widnters: @baseconvo WAHT DAPET.. MAKASIH BANYAKKKK ð¤ ,[],in,,0,0,0,1
baseconvo,"RT @MlOATHENS: gokil, timaaci atas follbacknya. sekarang saatnya aku kembali workout dgn semangatð¥° @baseconvo ",[],in,,0,0,0,1
baseconvo,RT @ournaay: WOYYY DI FB WOYYY ALHAMDULILLAH!! MAKASIHH GE!! LOVE U! @baseconvo ,[],in,,0,0,0,1
baseconvo,RT @DEARLYOUNGK: @baseconvo MAKASIHHH AAARRRGGGHHHH HAPPYYYU ,[],in,,0,0,0,1
baseconvo,RT @hrsmosa: hshsh is it just my imagination? THANKYOUU MIN LOFYUUU ð¤©ðð ,[],en,,0,0,0,1
baseconvo,RT @risolmayo26: @baseconvo cingtahkuuhh trimakasie syudah folobekkðððð kumploy dah hidupku skrgð¤ ,[],in,,0,0,0,1
baseconvo,"RT @kuaseutigeu: AKHIRNYAAAAAAAAA DILIRIK AKSHSKDKWO, TENCU GE @baseconvo ",[],in,,0,0,0,1
baseconvo,RT @snapeq: @baseconvo THANK YOUUU SMSMM. ð¤ ,[],en,,0,0,0,1
baseconvo,"RT @chauu_03: OMOOOOO AKHIRNYA DILIRIK JUGA, THANK YOU GE ðð @baseconvo ",[],in,,0,0,0,1
baseconvo,OPEN FOLLBACK YUK REPOST!,[],en,,10,37,19769,88
baseconvo,Kali ini mau random aja tapi tiap 2 menit end nya yaa,[],in,baseconvo,8,16,5417,3
baseconvo,ð jajanan gurih buat stok dikamar selain basreng apa yaw?,[],in,,22,41,6421,1
baseconvo,"ð Halo teman2. Yuk join sesi Q&amp;A bareng psikiater, GRATIS. Cek poster yaa ð¥¹ð«¶ð» ",[],in,,5,0,1059,3
baseconvo,ð­ cincin manik buat anak SD tuh biasanya yang ukuran berapa cm ya? ada yg tau?,[],in,,1,1,1238,1
baseconvo,"ð guys, kalian kalau flu biar cepet sembuh gimana. Ga enak banget sender sedang flu, akhir"" ini jadi gampang sakitð¤§",[],in,,0,6,1401,0
baseconvo,ð plus minus les di G0 buat yg gapyear apaa,[],in,,1,3,1444,1
baseconvo,ð dom kalian panas ga sih guys??,[],in,,4,56,4763,0
baseconvo,"ð¤ orang-orang udah pada punya someone to talk. gue juga udah, udah mandi sore",[],in,,254,76,11712,65
baseconvo,"Kalian kalo belajar, lebih jago di numerik atau visual? ð­",[],in,,5,49,5179,0
baseconvo,"ð guyss, gimana si cara tau akun twitter kita lagi sakit??",[],in,,10,14,2982,0
baseconvo,ð¤ kalian yg cewe umur 24 udh punya calon swamik blm sii? kok gue hilal pun tak terlihat yaa ð­ð­,[],in,,18,55,9007,2
baseconvo,"ð mbti tuh gmn sih... aku tes 3 kali dlm 3 tahun terakhir, hasilnya ISFP, ESFJ, ENFJ... gimana dong... pdhl isinya udh jujur bgt...",[],in,,39,28,8436,1
baseconvo,ð mohon bantuannya kakak-kakak baik ,[],in,,0,0,673,0
baseconvo,ð saran model rambut cowo yang membuat cewe terpesona dong?,[],in,,1,34,3522,0
baseconvo,ð ada yg dom sby ngga? mau tanya2 plis ð,[],in,,0,3,1130,0
baseconvo,ð­ menu makan siang kalian hari ini apa guys. . .,[],in,,0,16,1792,0
baseconvo,"semua sudah Gg accept, silahkan kirim menfess!",[],in,,3,6,2215,0
baseconvo,ð main qrt about relationship or friendship yuk,[],en,,7,11,2527,0
baseconvo,"ð­ halo peeps! temenku ada yg ultah hari ini, tolong kasih kalimat manis buat dia @/glitteriess yah~ bilangin juga jangan ngopekin kuku mulu..",[],in,,1,4,1371,0
baseconvo,ð­ cowo tengil begini tuh emang kadang bikin emosi gasi? ,[],in,,451,78,29162,9
baseconvo,ð­ seller di oren tuh apk nya pake oren yg biasa itu atau ada apk sendiri khusus buat seller ya? makasi guis,[],in,,3,12,2432,0
baseconvo,ð­ apa menu sarapan kalian hari ini ges ? â¨,[],in,,2,64,4822,0
baseconvo,ð sarapan menu nasi uduk atau bubur ya,[],in,,1,44,2934,0
baseconvo,"ð help tiba tiba folder WhatsApp images, WhatsApp video, WhatsApp dokumen di hp sender hilang. Semua foto video ilaang. Gimana cara balikinnya pdhl sender g ngapa ngapainð­ð­",[],in,,3,2,1507,0
baseconvo,"ð selamat pagi morning person, jangan lupa semangat dan sarapan ya ðð¥°ð¥°",[],in,,6,12,1634,0
baseconvo,ð­ . . . hari ini kalian ada agenda apa aja guys?,[],in,,3,21,2678,0
baseconvo,"ð­ kok belom tidur mblo, btw disini ujan disana ujan ga gess?",[],in,,5,34,3327,0
baseconvo,ð teman teman aku belum lulus di ptn manapun sedih bgtðððððð,[],in,,2,10,2500,0
baseconvo,ð­ ( t i t i p a n ) ,[],ht,,2,4,2020,0
baseconvo,"ð­ guys saran dong, mending pelihara ikan atau kura-kura? btw ini konteknya yang ukurannya mini",[],in,,8,79,7377,0
baseconvo,"ð  yang ngerti laptop, pls komen bantu aku huhu ð­ð ",[],in,,0,1,999,0
baseconvo,"ð­ drop lagu western fav kalian belakangan ini dong, sender bosen lagunya itu-itu aja",[],in,,2,7,1457,0
baseconvo,"ðmain qrt yuk, tentang teman
Sender first ya, kalo temenan beda gender suka kebawa perasaan gak?",[],in,,17,22,8841,0
baseconvo,"ð masa tadi guru mtk sender ngomong 
""Perempuan jangan ngambil sekolah lama-lama, karna nyatanya perempuan yang sempurna adalah perempuan yang melahirkan dengan normal dan dapat menyusui""",[],in,,6,10,3634,0
baseconvo,"ð just ask, kalian ada tmn yang pas kls 10 nya pake krudung tapi pas kelas 11 nya dia mulai buka krudung gak siii? ð­",[],in,,15,48,8229,0
baseconvo,ð­ orang dbd biasanya berapa hari? kalo sampai hari ke 5 ngga bisa ngetik sama sekali itu normal ngga?,[],in,,1,23,3243,0
baseconvo,"ð­ tolong beri aku rekomendasi sunscreen yang cocok dipake pas ospek dong gusyy, thanks before loaf yall â¡",[],in,,0,10,1668,0
baseconvo,ð guys saran donge mending buy buku laut bercerita atau teka-teki rumah aneh ya? budget ku cuma ada buat satu buku,[],in,,3,9,1721,0
baseconvo,"ð Temen temen saranin film/series yang bagus dong, kalau bisa jangan drakor ya. Terimakasih ð¤",[],in,,1,1,954,0
baseconvo,"ð­ guys guys guys, agenda kalian malem ini ngapain aja?",[],in,,0,63,5075,0
baseconvo,"ð guys, emang kalau habis putus tuh rasanya gini ya? vocher diskon tempat makan jadi ga kepake planing liburan ga kelaksana, coba kesana sendiri malah nangis karna harusnya sama doi.",[],in,,0,3,1004,0
baseconvo,"ð aku mke eksfo elfor jdi keluar jrwt gtu, kira kira knp ya? saran eksfo lain apaa",[],in,,0,0,822,0
baseconvo,"ð­ mutualan yukk rep aja nanti aku follow
JAN LUPA POLBEK LOH GUSYY akunku yang depannya c-c",[],in,,2,12,1537,0
baseconvo,ð­ hi! Rant acc / unlabeled /small acc temenan yukk ððð¼,[],in,,0,46,3393,0
baseconvo,ð mending bellii roti bakar atau martabak manis ya gusy,[],in,,12,112,8480,0
baseconvo,ð masuk pt bonafit jalur murni sesusah itu ya bjir,[],in,,0,2,1028,0
baseconvo,hari ini temenku ulang tahun! boleh minta tolong tag @/diputmoci dan ucapin diaaa? terima kasih ð,[],in,,10,24,3795,1
baseconvo,"ð¤ ada yang instagramnya freetag ga? aku mau up twibbon tp di study account, butuh 3 org lagi buat di tag ðð",[],in,,0,3,1224,0
baseconvo,ð guys apa artinya kalau postingan kita tiba-tiba di like sama orang yang gak pernah like postingan kita sebelum-sebelumnya?,[],in,,7,80,8345,0
baseconvo,ð siapa yg kalo makan porsi kuli tp bb ga naek naekâð»,[],in,,0,5,1035,0
baseconvo,"mintol dong guyss, terimakasih. yang mau barter juga bolee nanti aku dm duluan ",[],in,,1,2,937,1
baseconvo,"RT @baseconvo: Yang sudah mendapat follback silahkan login di web menfess kami, dan tunggu approval dari admin dalam waktu kurang dari 6 jaâ¦",[],in,,0,0,0,6
baseconvo,"ð titipan, sarannya dong temen temen ",[],in,,0,1,850,1
baseconvo,"ð masa tadi guru mtk sender ngomong  ""Perempuan jangan ngambil sekolah lama-lama, karna nyatanya perempuan yang sempurna adalah perempuan yang melahirkan dengan normal dan dapat menyusui""",[],in,,169,114,18316,6
baseconvo,ð tempat kalian suhunya masih dingin gak kalau pagi pagi???,[],in,,4,42,4166,0
baseconvo,"ð¤ mau nanya,, kalo di usg tu sakit ga? sender mau periksa lambung, terimakasihhh",[],in,,8,44,8579,0
baseconvo,ð­ kenapa ya temen yang bener2 temen deket aka bestie tuh rumahnya pada jauh2 bjir ðð,[],in,,24,18,2913,2
baseconvo,"ð yg lagi sakit atau flu, semoga cepet sembuh ya!!",[],in,,6,12,2081,2
baseconvo,"ð Nanti sore sender mau main sama temen kampus buat pertama kali, please spill basa basi yang bisa ditanyain dong guys ð­ð­ð­",[],in,,0,0,528,0
baseconvo,ð Kalian kalau siang2 gini lagi ngapain? Kalau aku krna jobseeker ya baru bres apply2 ð­ &amp; intrvw diterima kerja nya blm tau nih,[],in,,1,0,654,0
baseconvo,ð hari ini makan siang pake apa guys? Kalo sender mie gorengð¤¤,[],in,,0,2,813,0
baseconvo,ð enaknya berkegiatan apa ya di siang yang terik ini ð«,[],in,,0,16,2065,0
baseconvo,"ð­ panas"" gini mending joyday apa glico wings ya gusyy",[],tl,,0,18,1816,0
baseconvo,ð Di tempat sender puanasss poll 23Â°C coba di kalian berapa Â°C?,[],in,,39,198,17880,0
baseconvo,"ð­ halo guys, di rabu siang gini kalian lagi ngapain?",[],in,,0,35,2375,0
baseconvo,"kalo mau nonton konser, wajib bawa apa aja gusy ð",[],in,,3,31,4912,0
baseconvo,"ð hari ini lumayan panas, jangan lupa minum air yang cukup ya!",[],in,,1,3,1037,1
baseconvo,"ð¤ hai, dalam rangka sender coba auto menfess, tolong saranin aku makan siang. mending bebek atau ayam panggang yah? ð¥¹",[],in,,0,27,2189,0
baseconvo,ð saran menu mkn siang dong gais! bingung mo mam apa,[],in,,0,17,2056,0
baseconvo,"Ada aturan baru dan web page akses auto menfess. Silahkan dibaca:
http://aturanmenfess.carrd.co",[],in,,5,0,673,0
baseconvo,"ð selamat siang semuaa dah pada mam blum nihh, dijaga ya kesehatannya",[],in,,0,0,733,0
baseconvo,"ð¤ helaur guys ini menfess pertamaku... kece juga sekarang menfessnya udah otomatis, tysm miminâº",[],in,,0,0,663,0
baseconvo,ð halo guys ðð»ðð» ini menfess pertama aku pake auto menfess,[],in,,0,2,1107,0
baseconvo,"saran setting spray yg bagus dong, gua ga paham samsek. klo bisa sertain fotonya ya, thank you ð­",[],in,,4,8,1580,0
baseconvo,"RT @convobase: Kalau open DM tanpa perlu tunggu approval dari admin, jadi langsung kirim menfess. Di @baseconvo close DM jadi nunggu approvâ¦",[],in,,0,0,0,2
baseconvo,"RT @convobase: Biar bisa nyoba auto menfess yang di pinned, pilih mana?",[],in,,0,0,0,3
baseconvo,wow hyy lucu amat ni page kirim menfess nya  ð,[],tl,,0,0,952,0
baseconvo,"ð alooo ges, ini menfess pertama ku disinii hehehe sapa dong",[],in,,0,13,1591,0
baseconvo,"guys selamat siang, saran makan siang untuk hari ini dong",[],in,,1,16,2032,0
baseconvo,ð cara hilangin notif kaya gini gimana sih? ganggu banget soalnya. ,[],in,,10,5,2102,0
baseconvo,ð­ kalian yg muslim pada puasa asyura ga hari ini?,[],in,,3,26,4141,0
baseconvo,"RT @convobisnis: ð¢â¼ï¸ANNOUNCE â¼ï¸ 
OPEN BOOK SLOT PAID PROMOTE âKUESIONERâ

Book slot pp kuesioner melalui link dibawah ðð¼ â¦",[],in,,0,0,0,182
baseconvo,ð kalo dikasih pilihan mending beli andro baru atau ip second?,[],in,,7,103,10461,0
baseconvo,ð¤ temen pick me enaknya diapain??? greget bangettt ð­,[],in,,2,33,3238,0
baseconvo,"ð kalian sebel ga sih kalo ada yg curhat dan minta saran ke kalian, pas udah kalian jawab eh malah diread aja? Capek bgt udah mikirin saran malah diread doang wkwk. ð",[],in,,0,5,1102,1
baseconvo,"ð¤ halo sender udah kirim pake auto menfess, kamu kapan?",[],in,,0,7,1749,0
baseconvo,haloo ini menfess pertama aku buat percobaan bot! ð ð,[],in,,0,2,975,0
baseconvo,ð kenapa ya setiap komen di postingan orang komentar ku selalu masuk probable spam? cara ngatasin nya gimana ya? ,[],in,,2,6,1603,0
baseconvo,"ð siapa yang sering kayak gini juga?
soalnya memang bikin nyaman ð­ð­ ",[],in,,19,4,1423,0
baseconvo,"Yang sudah mendapat follback silahkan login di web menfess kami, dan tunggu approval dari admin dalam waktu kurang dari 6 jam. Jika sudah approved, kamu bisa mengirim menfess. 

Bagi follower belum mendapat follback tapi mencoba login = banned.

Link: https://xfess.com/baseconvo",[],in,,31,1,28594,6
baseconvo,ð HI GUYS SEMOGA HARI INI BANYAK HAHA HIHI YAAAA,[],in,,8,15,1900,4
baseconvo,MUTUALAN INGET JAMNYA YA KALAU GAMAU DIUNFOL!,[],in,,3,2,1364,0
baseconvo,"kalau mau ganti base, di web base sebelumnya kamu logout dulu",[],in,,0,1,922,0
baseconvo,iya,[],qst,,0,2,834,0
baseconvo,"ð haiii gusy, diminta buat test mnfs, ini lewat nggaaa",[],in,,4,20,2402,0
baseconvo,ð pagi menuju siang masyarakat convo ð hari enih mau ngapain nich???,[],in,,0,3,1174,0
baseconvo,RT @OBEDlENTBABY: @baseconvo OKAY udah bisa!! Lagi nunggu antrian.,[],in,,0,0,0,1
baseconvo,sudah akun accept semua (followed only) coba kirim menfessnya,[],in,,9,20,8233,0
baseconvo,yang nyoba-nyoba linknya ga bakal aku accept buat kirim menfess ya :),[],in,baseconvo,0,7,1420,0
baseconvo,ð­ hai teman timun!! This is my first menfess &gt;_&lt; (percobaan),[],en,,1,0,929,0
baseconvo,ada yang mau nyobain auto menfess ga?,[],in,,8,32,3980,0
baseconvo,yang udah difollback only,[],in,baseconvo,1,16,1546,0
baseconvo,"ð guys, tolong bantu sender, kan headphone sender mulai mengalami kebotakan.. kalian ada tips n trik gimana caranya buat make over dia ga? Terimakasihh ",[],in,,26,19,6321,0
baseconvo,"ð gaiss aku mau nanya, kalau aku milih paket pelajaran SMA yg ada ""fisika, geografi, ekonomi dan sejarah indo"" itu nnti pas kuliah bisa masuk jurusan/fakultas apa saja ?",[],in,,3,7,2161,0
baseconvo,"ð gais kalian ada saran tida makanan yang bisa di jual, yang simpel simpel aja. makasii!!",[],in,,0,4,1172,0
baseconvo,"ð mau beli novel, saranin aku novel yang bagus dan seru dong! kasih alasannya juga yaa makasih &amp;lt;33",[],in,,1,2,992,0
baseconvo,"ð halo teman-teman, kira-kira mungkin engga ya untuk dapat kerjaan di perusahaan/startup kalau hanya lulusan smk? Aku agak minder krn persyaratannya banyak yg harus S1 sementara aku engga bisa untuk kuliah... bolehkah saran posisi kerjaan yang kiranya sesuai? Terima kasih",[],in,,4,1,1007,0
baseconvo,ð andro user spill kalian pake power bank merk apa,[],in,,1,9,1987,0
baseconvo,"BASECONVO OPEN FOLLBACK

1. Repost tweet ini
2. Repost tweet di bawah
3. Reply done Ce

Good luck!",[],en,,29,161,12977,140
baseconvo,"RT @baseconvo: BASECONVO OPEN FOLLBACK

1. Repost tweet ini
2. Repost tweet di bawah
3. Reply done Ce

Good luck!",[],en,,0,0,0,140
baseconvo,OPEN FOLLBACK RETWEET!!!,[],en,,27,45,8522,164
baseconvo,ð udah tau tapi masih sedih aja... ,[],in,,138,9,5617,25
baseconvo,"ð semenjak cuaca dingin, kulit kalian jadi kering gak sih? kulit ku jadi kering apalagi bagian muka ð",[],in,,113,134,12902,5
baseconvo,ð aneh ga kalau udah gede masih suka beli buku mewarnai :(,[],in,,35,100,11238,2
baseconvo,"aku baru beli tws soundcore R50i belum sebulan udah rusak yang sebelah kiri padahal katanya bagus, ada rekomen tws merk apa yg bagus dan harganya ga lebih dari 200k? Akun Affiliate ga usah nimbrung, pengalaman pribadi aja pakai tws yg bagus dan awet sebut merk dan harganya,thanks",[],in,,9,22,3401,0
baseconvo,ð perasaan baru 13 tahun dah :V ,[],in,,82,50,8816,13
baseconvo,ð kalian sering kesepian gak? dan kalo kesepian biasanya kalian ngapain?,[],in,,12,50,4669,0
baseconvo,ð kalian ke sekolah/pas masih sekolah bawa kotak pensil atau engga?,[],in,,5,130,8409,0
baseconvo,"ð halooo ada yang berkenan bantuin like tugas sender di ig ga yaa? penilaian diliat dari jumlah like dan komennya, yang berkenan bantu nanti linknya aku taruh di rep/dm yaa. terima kasiiih ð",[],in,,0,18,1879,0
baseconvo,"ð­ Kalo semisal kita mau beli X Premium harus lewat aplikasinya ya? Ga adakah penjual dari pihak ketiga seperti kayak yg jual Spotify, YouTube, dan app prem lain?",[],in,,1,5,1496,0
baseconvo,"guys saranin lip bwat bibir gelap dunk hehee, timaacii ð",[],in,,4,4,1411,0
baseconvo,ð­ guys boleh minta tolong tag @.keyithings gaa akun ku lagi sakitð­ timakacii sebelumnyaa,[],in,,0,11,1727,0
baseconvo,"ð guys kalian kalo lagi badmood, cara buat balikin ke goodmood kalian harus ngapain?",[],in,,2,29,2178,0
baseconvo,ð kalian pada suka makan pinggiran roti ga si?,[],in,,8,134,7883,0
baseconvo,"ð gusy, wa kalian udh bisa auto reply begini belum?  
cr. sw tmn sender ",[],in,,396,137,31799,9
baseconvo,ð cewe malu ga kalo dijemput pake kuda lumping?,[],in,,48,122,13950,1
baseconvo,"RT @convobisnis: ð¢â¼ï¸ANNOUNCE â¼ï¸ 
OPEN BOOK SLOT PAID PROMOTE âOPEN FOLLBACKâ

Book slot pp melalui link dibawah, 

http://surveyheart.com/form/66920aa54â¦â¦",[],en,,0,0,0,4
baseconvo,ð menurut kalian aneh ngga naro muka sendiri di sampul playlist sptfy??,[],in,,8,60,7154,0
baseconvo,"ð­ aku tau harga kain batik tuh mahal, tapi please ada yang tau jual kain batik yang harga nya masih terjangkau untuk di wilayah jabodetabek? please aku butuh banget untuk keperluan dekorasi ð­",[],in,,1,0,717,0
baseconvo,ð kalian udah tau tentang plot twist kue ijo gak??,[],in,,20,56,10631,0
baseconvo,Martabak blueberry enak ga sih guys? Lebih enak martabak blueberry apa martabak coklat? ð,[],in,,0,18,1789,0
baseconvo,"ðTES IQ, kira-kira berapa ya ? ð¤­ ",[],in,,215,108,21269,3
baseconvo,"ð menurut kalian, apakah setiap orang berhak dapat kesempatan kedua? kenapa?",[],in,,0,25,2417,0
baseconvo,ð klo mau nobar onlen bareng temen/ayang tu gmn si geyz? Ada yg tau gaa?,[],in,,3,14,2475,0
baseconvo,ð ada yang ngantuk ga sekarang?,[],in,,0,10,1606,1
baseconvo,"ð punya pacar anak bungsu, saudaranya udah pada diluar kota semua jadi dia sering banget batalin janji (sampe berkali2) karena harus jaga rumah lah, nemenin ayahnya di rumah, antar mamanya belanja dllâ¦kalian kalo punya pacar kaya gini,-c-",[],in,,0,4,802,0
baseconvo,kalo dia cancel janjinya krn orangtuanya marah atau engga yaa? aku bingung bereaksi gmnâ¦.,[],in,baseconvo,0,1,360,0
baseconvo,"ð kalian klo pergi pake make up, suka reapply sunscreen gk?",[],in,,1,23,2495,0
baseconvo,ð cara nolak orang yg baru kenal minta wa gimana ya? ð,[],in,,7,51,6369,0
baseconvo,"ð kalian yang punya usaha kecil2an di rumah, kasi inspirasi ke sender donk utk memulai usaha apa? Tia.",[],in,,1,2,807,0
baseconvo,ð­ ide nama kelas 11 7 dong gaisss hehe tiaa,[],in,,0,1,1010,0
baseconvo,OPFOL CEPET-CEPETAN DI CONVOBASE!,[],ro,,13,26,3993,4
baseconvo,ð kalian bisa masak di umur berapa guys ?,[],in,,2,34,3921,0
baseconvo,"ð  katanya semester terberat itu di smt 3 ya? jujur aku takut banget, mana smt 3 udh peminatan jujur aku udah gamang sama peminatan yg aku pilih takutnya nanti pas mulai perkuliahan jadi ngerasa ga srek dan salah jurusan ð",[],in,,12,22,3942,0
baseconvo,ð Ada yang pernah solo traveling dari Bandung-Bogor naik motor? Cewe tapi. Atau punya pengalaman solo traveling dengan waktu tempuh 3-4 jam,[],in,,0,4,1043,0
baseconvo,"ð­ cara nolak dgn sopan kalo diajak jadi bridesmaid tuh gimana ya? Kita emang dulu se sirkel pas SMA, tapi 3 tahun belakangan ini aku ngerasa udh jauh sama dia dkk bahkan -c-",[],in,,2,5,1411,0
baseconvo,kita jarang bgt berinteraksi yg bikin aku ngerasa kita tuh udh gak deket bahkan chat dan ketemu pun tahun lalu terakhir,[],in,baseconvo,0,0,402,0
baseconvo,ð­ mesin cuci front load tanpa dryer tuh ga bisa ngeringin kan? tapi bisa muter meres(?) ga? cucian keluar dari mesin cuci front load tuh basah kuyup apa lembab ga netes kayak habis keluar dari spinner di mesin cuci top load?,[],in,,0,0,678,0
baseconvo,ð­ siang gais boleh minta tolong tag @.honeynjaa ?? makasih sebelumnya.,[],in,,0,3,1074,0
baseconvo,ð sender hari ini lagi ultah tapi g ada yg ngucapin ð,[],in,,3,90,4458,0
baseconvo,ð siapa yg main ceki ceki?? Dah pernah menang belom? ,[],in,,12,17,3373,0
baseconvo,ð¤ gusy caranya biar ada yg beli barang kita di ð gimana ya gusy? Kok tiap aku ngepost dagangan aku di syupi gk ada yg liat yak,[],in,,0,2,896,0
baseconvo,"ð¤ kangen, tapi kalau keinget gimana dia ga ngehargain aku sakit banget juga :(",[],in,,15,3,1429,2
baseconvo,ð Fitur tele makin kereen ihh bisa repost story orang tanpa perlu orangnya ngetag kita. Udah bisa tambah lokasi di story sama tambah lagi bawaan dari hp juga. Senderr baru tau plss ,[],in,,2,0,705,1
baseconvo,"knp pd salty deh, ini chat sama cowokku dan aku emg udh pernah brp kali ajak dia ksitu dan jawabnya selalu ""iya ntar ya"", trs tb2 blg gasuka, ya aku kecewa lah. aku pun ga maksa dia samsek guys :) ð",[],in,,37,45,19084,0
baseconvo,ð­ absen adik adik yg mw mutual sama fwb (fans windah basudara) tgl rep ajh ia!!,[],in,,1,31,3934,0
baseconvo,ð aku habis ganti lcd trus skrng hpku jadi ghost touch gitu sumpah ngeselin banget. Aku liat video di tiktok katanya kalo di ganti baterai hpnya bisa bener lagi ya? Itu bener ga sii atau ada cara lain soalnya mau aku benerin secepatnya makasih yang udah jawabb,[],in,,0,3,1095,0
baseconvo,"ð halo, mau mutualan spoti gak? kalo mau rep aja yaa nanti aku gedor. thankyou ð«¶ð»",[],in,,2,31,3154,0
baseconvo,"ð guys mau nanya dong, udah ada yang pernah reaktivitas kartu tsel yang hangus dan diarahkan ke web ini dan diminta foto selfie + ktp apakah aman guys? link nya dapat dari twitter resmi tsel dan email resmi tsel. trims yg udah jawab ðð¼ ",[],in,,1,6,1400,0
baseconvo,ð main qrt randomm yukkk!!,[],en,,10,55,8218,2
baseconvo,"ð hai aku coba ngiirim menfess di apk baru nihh, ada yg mau tau ga?",[],in,,1,7,2224,0
baseconvo,ð You did well today! Jangan lupa makan malam dan jangan lupa minum air putih.,[],in,,19,6,2173,11
baseconvo,"ð mencoba auto menfess yang baru lagi, wml ya guys ð¥¹ð¥¹

-Gg",[],in,,1,3,1417,0
baseconvo,ð unlabeled lets be friends! mau banyakin temen,[],en,,0,75,5161,0
baseconvo,"ð tolong rekomendasikan sender tab untuk kuliah, yg ril ril aja yaa",[],in,,3,3,1428,0
baseconvo,"ð­ guys saranin panci listrik yang bisa buat masak nasi dong? yang sistemnya kaya pake rice cooker langsung mateng gitu, ga ribet kukus",[],in,,1,3,1504,0
baseconvo,"ð­guys, klian klo ad yg bru kenal trus ad yg tibaÂ² akrab gitu bakal ilfeel ga atau ya kek ""oh anaknya gini"", snder hbis kelar rapat panitia dn snder mncoba mengakrabkan diri tp snder ovt tkut di kira sksd, maaf snder cmn pgn curhatð",[],in,,3,7,1549,0
baseconvo,ð­ guys serius tanya bantu jaga warung sembako ibu bisa dimasukin ke pengalaman di linkedin gak ð­ð (maaf pertanyaannya aneh),[],in,,12,12,5487,1
baseconvo,"ð wajar ga aku ksl, udh lama pgn makan gacoan brg selalu jawabnya entar2. trs pas aku tanya lg mala jawab gini :( ",[],in,,110,79,38835,1
baseconvo,ð¤ titipan ,[],ht,,26,16,4236,3
baseconvo,"Guys tolong saranin produk untuk bibirku kering dan kadang sampe terkelupas, kalo bisa yg untuk mencerahkan juga yaa soalnya bibirku juga agak gelap. Aku butuh review yg pemakaian pribadi yaa. Thank uð",[],in,,9,7,1624,0
baseconvo,"ð¤ guys kalian suka hijab yang adem, ringan, gampang diatur sama gak nerawang kah?",[],in,,4,23,3333,0
baseconvo,ð guys biar kalo pas haid ga sakit tu gimana ya. aku sakitnya dari day 1 sampe day 4 sungguh menyiksa,[],in,,0,11,1972,0
baseconvo,ð­ boleh minta tolong tag @.preattyhass? thank you,[],en,,0,3,1307,0
baseconvo,ð¤ haloo siapa yg pengen main game PS versi low budget di hp ð¥¹âï¸ aku mau buat threadnya nih nanti aku taro di reply yahh ð¤© ,[],in,,32,18,4618,0
baseconvo,ð­ guys cara kalian menenangkan diri gimana ? cara agar selesai dengan pemikiran diri sendiri ?,[],in,,15,27,5173,0
baseconvo,"ð volume hp kenapa ya padahal udah full tapi ga keras, sedangkan pas kucoba pakai headset dg tingkat volume  yg sama malah balik normal jadi kenceng bgt",[],in,,0,2,1372,0
baseconvo,"bagi tips/cara ð survive di kelas 12 dong, kaka2 sekalian ð­",[],in,,31,45,8673,2
baseconvo,ð gusy saranin dong makan malam apaaaaa,[],in,,1,25,2716,0
baseconvo,"BASECONVO OPEN FOLLBACK 2  

1. Repost tweet ini 
2. Repost tweet di bawah 
3. Reply done Ce  

GOOD LUCK GUYS!!",[],en,,15,147,12617,123
baseconvo,YUK GUYS ABSEN AKU TUNGGU,[],in,baseconvo,2,29,1601,0
baseconvo,"RT @baseconvo: BASECONVO OPEN FOLLBACK 2  

1. Repost tweet ini 
2. Repost tweet di bawah 
3. Reply done Ce  

GOOD LUCK GUYS!!",[],en,,0,0,0,123
baseconvo,UDAH DAPET BELUM FOLLBACKNYA?,[],in,,5,63,3436,1
baseconvo,"BASECONVO OPEN FOLLBACK 

1. Repost tweet ini 
2. Repost tweet di bawah 
3. Reply done Ce  

GOOD LUCK!!",[],en,,22,152,8251,130
baseconvo,YUK GESSSS,[],en,baseconvo,3,21,1393,1
baseconvo,"RT @baseconvo: BASECONVO OPEN FOLLBACK 

1. Repost tweet ini 
2. Repost tweet di bawah 
3. Reply done Ce  

GOOD LUCK!!",[],en,,0,0,0,130
baseconvo,OPEN FOLLBACK RETWEET YA!,[],en,,31,77,9839,218
baseconvo,ð­ martabak manis diangetin lagi enak bgt oyy luarannya crispy ð¥°ð¥°ð¥°,[],in,,0,7,1975,0
baseconvo,ð emang boleh ya cemburu padahal bukan siapa-siapa?,[],in,,14,50,6460,4
baseconvo,ð guys kalian yg cewe kalo ngegym pake sport bra m3rk apa yg nyaman,[],in,,0,0,1078,0
baseconvo,"saran dong, kalo anak gapyear bagusnya masuk 1nt3n lagi apa ganti yg lain gais? ð",[],in,,3,3,1550,0
baseconvo,"ð Guys ada yg sama dgn ku masih bertahan di app twitter logo burung endut, soalnya klu up ke X takut gk nyaman ah",[],in,,0,0,811,0
baseconvo,ð­ pls pls pls kasih tips n trik cara berteman yang baik dan benar dan auto dapet banyak temen ð­,[],in,,6,8,1857,0
baseconvo,"ð kalian kalau ada konflik sama seseorang tapi ga yang beratÂ² banget, lebih suka selesaiin secara online atau bicara secara langsung?",[],in,,0,18,2422,0
baseconvo,"ð guys, misalkan kalian dideketin (dlm hal pdkt) sama temennya mantan kalian gimana? dan gimana pendapat kalian?",[],in,,0,1,865,0
baseconvo,ð apa alasan knp km bisa naksir crush km ituu?,[],in,,11,69,7096,0
baseconvo,"ð­ aku tadi nemu komen gini, emang kesalahan orang lain itu gabisa dimaafin kah ya sama netizen? aku mikir setiap orang berhak khilaf gitu dari proses perjalanan hidupnya beliau. maaf guys ya kalau aku kek muja idola banget. no salty please ððð» ",[],in,,0,9,2212,0
baseconvo,ð halo guys boleh minta bantu tag @.kihaebekasi ? akunku lagi sakit huhuu thanks a lot!,[],in,,0,11,1611,0
baseconvo,"ð sore-sore, main qrt random yuk",[],en,,8,35,5072,2
baseconvo,ð sudahkah klean nangis hari ini? klo sender ntar malem ajh,[],in,,0,18,1803,0
baseconvo,ð­ guys motto hidup kelen apa?,[],in,,10,76,10572,2
baseconvo,ð guys minta bantuanya dong cara menghapus semua tweet secara cepat ðð¼,[],in,,0,2,1118,1
baseconvo,"ð¤ sender mau ke solo, saran tempat makan yang enak dong",[],in,,3,11,2549,0
baseconvo,"ð mau tanya dong, kalo sayur mata merah itu apa ya? teka teki mpls. TIA",[],in,,0,0,842,0
baseconvo,ð kalian pernah ngerasa ibu kalian nyebelin banget ga? kayak sifatnya ke kamu bener bener gabisa ditoleransi dan gabisa dibercandain?,[],in,,0,3,1332,0
baseconvo,ð ditempat kalian dingin atau panas?,[],in,,0,77,5523,0
baseconvo,ð happy weekend olð«¶ð¼ jangan lupa besok seninnð,[],in,,0,7,1076,0
baseconvo,"ð guys, saran anime yg uwu uwu gitu dong, sender bosan pgn nnton animeð",[],in,,9,24,5105,1
baseconvo,ð­ guys hubungan kalian tipe yang harus chattingan setiap saat atau sesekali aja?,[],in,,6,93,10007,0
baseconvo,"temenâ ada yg punya gtc/get contact premium? aku mau minta tolong cek, ini penting bangetâ . terimakasih",[],in,,2,5,1451,0
baseconvo,ð­balikan yes or no?,[],in,,4,168,9707,0
baseconvo,"ð guys ini jawabannya apa ya, tolong bantu sender terimakasih sebelumnya h ",[],in,,11,5,3773,2
baseconvo,ð bsok klen kmna,[],in,,6,110,6542,0
baseconvo,aku...... kangen...... banget....... sama....... dia....... gusy....... â¹ï¸ ð,[],in,,83,33,6469,42
baseconvo,"ð­ haiii, tolong bantu tag akun ku ya @.mosclow akun ku lg sakit, thank u yg udh tagð¥°",[],in,,0,12,1852,0
baseconvo,ð halooo ada yang berkenan bantuin like tugas sender di ig ga yaa? penilaian diliat dari jumlah likenya :( yang berkenan bantu nanti linknya aku taruh di rep/dm yaa. terima kasiiih ð,[],in,,1,23,2014,0
baseconvo,ð­ hi! unlabeled acc / rant acc /small acc temenan yukkk??ð¥¹ðð¼,[],in,,4,55,3993,0
baseconvo,ð main qrt random yukk guys,[],en,,18,79,7450,0
baseconvo,"ð¤ yang akunnya ijo boleh tolong bantu tag @.kcmeja ngga, akunnya lagi sakit, tia",[],in,,2,25,3446,0
baseconvo,ð  haii ada yang mau main mapia di tele gaa? ga cuma mapia aja sihh banyak main yang lain jugaað» link di komen yaa!,[],in,,0,1,1160,0
baseconvo,ð dom kalian dingin bgt ga si..... sumpah ini dinginnya berkali kali lipat ð¥²ð¥²ð¥²,[],in,,362,233,32935,23
baseconvo,"ð halo guys, boleh bantu tag akun @.exotiery? thanks before",[],in,,0,18,2140,0
baseconvo,ð menurut kalian wa tuh termasuk privasi gasi gusyy???,[],in,,118,297,23723,2
baseconvo,ð sender ngerasa hopeless bgt sm hidup ððð,[],in,,26,24,4144,11
baseconvo,ð pap dong malmingan kalian  ngapain?? ,[],in,,18,46,7250,0
baseconvo,RT @aulnhs: MAKASIH BANYAK BANYAK  ð­ð­ð­ð¤ @baseconvo ,[],in,,0,0,0,1
baseconvo,RT @sleepyseppy: Makasih Ge ððððð»ðð»ðð» @baseconvo ,[],in,,0,0,0,1
baseconvo,RT @wufjaemin: Notiff paling ditunggu ð¥¹ @baseconvo ,[],in,,0,0,0,1
baseconvo,RT @rubiellyy: maacih ge muachhh loppp u dehh @baseconvo ,[],in,,0,0,0,1
baseconvo,"RT @mawpulang: WOAH AKHIRNYA ð­
THANK YOU GE ð«¶ð»ð«¶ð»ð«¶ð»
@baseconvo ",[],in,,0,0,0,1
baseconvo,RT @moonrabbiiit: MAKASI ADMINNNN â¤ï¸â¤ï¸â¤ï¸â¤ï¸ @baseconvo ,[],in,,0,0,0,1
baseconvo,"RT @jefncok: @baseconvo GE MAKASIH, FREE INVITATION TO ISEKAI ",[],in,,0,0,0,1
baseconvo,"RT @simp4yaxuan: THANK YOU GEEE, EGK SIA SIA NYALAIN NOTIFð¥°ð«°ð» @baseconvo ",[],in,,0,0,0,1
baseconvo,RT @mosclow: thank u ge ga sia sia jempol w gercep @baseconvo ,[],in,,0,0,0,1
baseconvo,RT @namcjin: @baseconvo HHH SATU LAGIIIII AKU !! MAKASI GEE ,[],in,,0,0,0,1
baseconvo,"RT @baseconvo: BASECONVO OPEN FOLLBACK 2

1. Repost opfoll ini
2. fOLLOW @pasarkr 
3. Reply done Ge

Good luck! ð¦",[],en,,0,0,0,157
baseconvo,"BASECONVO OPEN FOLLBACK 2

1. Repost opfoll ini
2. fOLLOW @pasarkr 
3. Reply done Ge

Good luck! ð¦",[],en,,35,187,11347,157
baseconvo,@pasarkr next yahh,[],en,baseconvo,6,22,1407,0
baseconvo,"RT @baseconvo: BASECONVO OPEN FOLLBACK 1

1. Repost opfoll ini
2. Repost postingan di bawah
3. Reply done Ge

Good luck! ð¦",[],en,,0,0,0,161
baseconvo,@pasarkr ini aku tunggu 5 menit lagi yaa,[],in,baseconvo,12,24,1487,0
baseconvo,"BASECONVO OPEN FOLLBACK 1

1. Repost opfoll ini
2. Repost postingan di bawah
3. Reply done Ge

Good luck! ð¦",[],en,,34,197,10999,161
baseconvo,udah nih? mau skrol,[],in,baseconvo,4,31,1663,0
baseconvo,RT @veryeggcited: tencu ge mwahhh :* @baseconvo ,[],in,,0,0,0,1
baseconvo,"WKWK 1 LAGI YA, STANDBY JEMPOLNYA",[],in,baseconvo,11,0,2055,0
baseconvo,SIAPIN JEMPOLNYA,[],in,,30,22,9216,0
baseconvo,"RT @convomf: CONVOMF OPEN FOLLBACK 3

1. Repost opfoll ini
2. Repost postingan di bawah
3. Reply done Ge

Good luck! ð¦",[],en,,0,0,1,246
baseconvo,"RT @convomf: CONVOMF OPEN FOLLBACK 2

1. Repost opfoll ini
2. Repost postingan di bawah
3. Reply done Ge

Good luck! ð¦",[],en,,0,0,0,227
baseconvo,"RT @convomf: CONVOMF OPEN FOLLBACK  1

1. Repost opfoll ini 
2. Repost postingan di bawah 
3. Reply done Ge  

Good luck! ð¦",[],en,,0,0,0,239
baseconvo,"OPEN FOLLBACK YUK, REPOST!",[],en,,39,67,8009,173
baseconvo,"ð¤ [titipan] haloooo, ada yg berkenan bantuin like and komen video tugas sender ga yaa??? penilaian nya dilihat dari like komen soalnyað­ kalo ada yg berkenan nanti link nya sender taruh di rep/dm yaa. thankyou!!",[],in,,0,7,1610,0
baseconvo,"ð¤ Hi, aku mahasiswa mau naik ke semester 3 dan keterima PMM tapi ternyata harus lintas jurusan dari HI ke Administrasi Publik dan matkul nya dari semester 5. Menurut kalian aku ambil atau nggak ya? Jujur bingung banget, minta sarannya dong",[],in,,0,1,1079,0
baseconvo,ð [titipan] kita juga sama-sama baru pertama kali sedekat ini sama lawan jenis dan belum pernah ngerasain pacaran ,[],in,,0,0,827,0
baseconvo,"ð guyss saran parfume yang tahan lama + wanginya enak donggg, sama yg ga bikin pusing kalo di pake siangÂ². thanks beforeeee ð«¶ð»",[],in,,0,1,702,0
baseconvo,ð Malam Minggu kemana guys,[],in,,0,35,2810,0
baseconvo,ð mutualan Spotify yukk,[],en,,3,38,3665,0
baseconvo,ð¤ cowo gue hari rabu kemarin bilang lumayan sibuk karena mau sidang lusa (hari jumat). setelah itu dia ngilang sampe sekarang ga tau kemana ðððð btw gue ldr ya ððððð,[],in,,1,4,1398,0
baseconvo,"Ada yang pake rekening BSI ga? Itu kalo mau tarik tunai selain di atm BSI, bisa di ATM apa aja ya? Trs kalo tarik tunai di ATM lain kena biaya admin berapa? ð",[],in,,0,3,1059,0
baseconvo,ð cara biar rambut gak kering tuh gimana sih ð­ð­,[],in,,2,19,2953,0
baseconvo,ð bagaimana cara kalian mengembalikan mood ketika sedang sedih?,[],in,,9,56,5704,0
baseconvo,"ð­ yang ijo bantu tag @/maltcese dong, akunnya sakit, TIA gessss ðð»",[],in,,0,4,1197,0
baseconvo,"ð¤ teman-teman saranin laptop buat ngoding/gaming under 10jt dong, butuh bgt buat skripsi soalnya",[],in,,1,1,747,0
baseconvo,"buat yg ngikutin k-drama, drama reply 1988, reply 1994, sama reply 1997 tuh nyambung ga sih? mereka ada hubungan gitu ga karena judulnya kan mirip ya.. maaf sender mau nonton tapi bingung. makasih ð",[],in,,6,6,2151,1
baseconvo,ð minta saran stand buat kelas dongg,[],in,,0,2,893,0
baseconvo,"ð siang guyss, hari ini kalian udah ngapain ajaa??",[],in,,0,11,1466,0
baseconvo,ð­di dom kalian kalo pagi dingin banget tapi kalo siang panasnya naudzubillah juga ga sih?,[],in,,3,30,2974,0
baseconvo,ð kalian yang cewe cewe kalo sakit haid tuh yang sakit bagian perutnya atau perut bawah atau mana guys ?,[],in,,3,54,4601,0
baseconvo,ð¤ suhu didom kalian berapa ges,[],in,,16,156,12485,0
baseconvo,ð siang ini mam apa guys?,[],in,,3,33,2405,0
baseconvo,ð saran kado buat cewe dong guys!,[],in,,0,13,1586,0
baseconvo,ð kalian buat balikin mood biasanya ngapain guyss?,[],in,,1,10,1113,0
baseconvo,ð makan siang apa ya guys? selain ayam sama mie soalnya bosen banget :(,[],in,,1,12,1440,0
baseconvo,ð kalian makan siang sama apa hari ini?,[],in,,0,6,1106,0
baseconvo,ð Aku mau tanya kalau di folback base2 besar itu apa hrs bnyk dulu flower nya apa random sih?,[],in,,8,15,3563,1
baseconvo,ð main qrt random yuk guys,[],en,,6,29,3944,0
baseconvo,"RT @convobase: CONVOBASE OPEN FOLLBACK      

1. Repost opfoll ini   
2. Follow @convobase
3. Reply done Ge      

Good luck! ð¦",[],en,,0,0,0,185
baseconvo,ð Kalian masih pake app Bluesky gak? kalau aku jjr aja udh uninstll krna sepi banget dsna,[],in,,0,10,662,0
baseconvo,ð­ Haha ayo dicoba guys seberapa estetik nama kalian ðð ,[],in,,394,653,61893,9
baseconvo,"ð­ met malem gusy, yg akunnya ijo bleh minta tolong tag @.pawrsonal dong, makaci yh &amp;lt;3",[],in,,0,8,1257,0
baseconvo,ð kalian lagi pada ngapain guys,[],in,,0,30,2009,0
baseconvo,"ð sakit bet hati mungiel sender gagal ditahap terakhir mcu, pdhl kalo lolos sender tinggal training kerjað­ rasanya mau obrak abrik bumi ajh dah",[],in,,3,4,1161,0
baseconvo,ð Apa cuma aku yang udah nge delete app Bsky karena base2 besar pindah lagi ke X,[],in,,1,5,827,0
baseconvo,ð kalian yang lagi program bulking biasa minum susu protein apa? Atau ga minum susu sama sekali?,[],in,,1,0,931,0
baseconvo,"ð­ affiliate minggir duluâ¼ï¸ rekomendasi parfum yang seger, tahan lama, dan ga bikin enek, yang cocok buat di bawah terik matahari, oh satu lagi, yang ga bikin noda kuning di baju putih",[],in,,2,4,1048,0
baseconvo,"RT @tercuri: AAAAA BENERAN DI NOTICEE, MAACI CE LOPE BANYAK BANYAK ððððð @baseconvo ",[],in,,0,0,0,1
baseconvo,"RT @fleuricallie: Hehe, makasih udah difollback @baseconvo ð¥¹ ",[],in,,0,0,0,1
baseconvo,"BASECONVO OPEN FOLLBACK 2

1. Repost tweet ini
2. Repost tweet di bawah
3. Reply done Ce

Good luck, jangan lupa testi &lt;3",[],in,,13,152,7207,117
baseconvo,3 MENIT LAGI YUK,[],in,baseconvo,1,12,1000,1
baseconvo,"RT @baseconvo: BASECONVO OPEN FOLLBACK 2

1. Repost tweet ini
2. Repost tweet di bawah
3. Reply done Ce

Good luck, jangan lupa testi &lt;3",[],in,,0,0,0,117
baseconvo,"BASECONVO OPEN FOLLBACK 

1. Repost tweet ini 
2. Repost tweet di bawah 
3. Reply done Ce  

Good luck, jangan lupa testi &lt;3",[],in,,26,184,8064,136
baseconvo,GUYS 3 MENIT LAGI!,[],in,baseconvo,0,16,970,0
baseconvo,"RT @baseconvo: BASECONVO OPEN FOLLBACK 

1. Repost tweet ini 
2. Repost tweet di bawah 
3. Reply done Ce  

Good luck, jangan lupa testi &lt;3",[],in,,0,0,0,136
baseconvo,RT @baseconvo: OPEN FOLLBACK REPOST!,[],en,,0,0,0,137
baseconvo,OPEN FOLLBACK REPOST!,[],en,,22,50,5992,137
baseconvo,"ð­ haloo guysss! aku minta tolong isi kuesioner ku yaa, aku masih butuh 100 responden buat skripsiku, nanti linknya aku drop di reply. makasihh banyak yg udah ngisi kuesionerkuuu, have a nice day oll ð yang mau barter juga boleeh yaww! ",[],in,,1,1,987,0
baseconvo,"ð hai aku mau nanya dong seputar tentang leukimia, atau kalo ada yang penderita nya juga koment dong:(",[],in,,0,0,716,0
baseconvo,ð­ guys main tap-tap polling yuk,[],in,,24,101,10454,1
baseconvo,"ð Saranin travel bag dong, bingung banget soalnya ð",[],in,,0,1,718,0
baseconvo,"â¼ï¸ NEED RESPONDEN â¼ï¸ 
Kak ada yg mau bantu isi kuesioner sender ngga ya? Kriterianya: 
1. Berusia 18 tahun atau lebih 
2. Pernah menggunakan QRIS lewat m-banking/e-wallet saat berwisata Yang sesuai kriteria rep ya, maacii ð ",[],in,,1,16,1272,0
baseconvo,"ð uang 900k sebagai anak kos yg jarak kampus kos 6 km pp, makan sehari-hari, gift sidang + print skripsian itu cukup g menurut kalian sampai bulan depan?",[],in,,0,14,1641,0
baseconvo,"ð kalian pernah ga sih lagi ketawa ngakak gitu terus tiba-tiba diem, balik lagi ke muka datar ð­ gue kadang mikir apa gue gila ya ð­",[],in,,4,4,1179,0
baseconvo,"ð tutorial move on dong, cape banget menjadi manusia gamon ð",[],in,,0,13,1854,1
baseconvo,"ð­ sender beberapa bulan ini sering bgt mimpi aneh.. polanya sama, mimpi tinggal di rumah sendiri trus pintu depan selalu kebuka pas maghrib/aku keluar buka pintu itu maghrib2. kayanya udh keitung 5x mimpi itu bbrp bulan ini ð¥² ini bunga tidur doang kah gusy?",[],in,,3,2,898,0
baseconvo,ð kalian prefer username tambah huruf atau tambah ( _ ),[],in,,9,106,8360,0
baseconvo,Orang gila mana yang gamau ribet tapi malah kuliah keguruan? ðâ ð ,[],in,,144,26,10714,7
baseconvo,ð saran dong kalo mau paket belajar yang ada materi pelajaran sekalian sm materi snbt mending di rg atau mipy yaa? btw aku soshum,[],in,,4,3,921,0
baseconvo,"ð guys, spotify udah ga bisa ganti photo profil ya?",[],in,,0,30,4173,0
baseconvo,ð ada yg punya riwayat skoliosis ringan? itu kira kira bisa sembuh ngga ya? atau minimal bisa jd lebih mendingan gitu?,[],in,,0,5,966,0
baseconvo,ð buat makan malem mending nasi goreng apa bakso?,[],in,,1,57,2934,0
baseconvo,ð guys klo buat me time sekitar jkt enaknya pergi kemana ya?. aku udah mulai bosen soalnya. TIA,[],in,,1,1,725,0
baseconvo,ð hts an kalo cuek itu knp yhð,[],in,,3,41,3515,0
baseconvo,kalo hapus data apk-apknya bakal ke uninstall gak? ð­ ,[],in,,1,5,1682,0
baseconvo,ð guys jam segini boleh nyari mutual kan yah? selective user only temenan yuk samaaa akuð§ð»ââï¸,[],in,,2,18,2382,0
baseconvo,ð menu dinner kalian setiap harinya sama gak?,[],in,,1,5,871,0
baseconvo,ð¤ kalian kalau bosen ngapain?,[],in,,0,31,2721,0
baseconvo,ð menurut kalian kalo ada temen lama pas kita chat dia dry text/kadang dia ngeread doang.. itu kenapa ya??? padahal ke temen2 sender yg lain direspon juga,[],in,,0,2,698,0
baseconvo,ð­ saran headphone wireless dong,[],en,,0,8,980,0
baseconvo,"ð wta, aku kan dah diare dari kmren, terus tadi pagi ke puskesmas dan udah minum obat jg tp perutnya masih sakit. banget. terus lgsg ke igd rs aja kah atau gimana...mfff aku gatau harus ngapain ð­ harus cpt sembuh soalnya masih uas ð­ doain ya... terimakasih!",[],in,,0,0,437,0
baseconvo,ð kenapa gabole minum teh abis makan ?,[],in,,0,17,3023,0
baseconvo,"ð guys, pilih bakso atau mie ayam?",[],in,,1,60,2704,0
baseconvo,ð makan siang disetirin warga x  bakso+nasi/ soto+nasi/ ayam bakar?????,[],in,,0,50,3462,0
baseconvo,ð matahari goreng itu telur goreng kah?   konteks: mpls,[],in,,0,5,1541,0
baseconvo,ð boleh tau ngga? kalian yg matanya minus itu gara gara nya apa?,[],in,,67,229,23183,1
baseconvo,ð info loker dong yg buat lulusan sma sender udh nganggur setahunð­ð­,[],in,,2,4,1438,0
baseconvo,"ð hidup disetir sama followers, mending maksi steak tepung atau ayam geprek ð",[],in,,4,39,3091,0
baseconvo,"ð karena aku libur panjang, rekomendasiin drakor dong tapi jangan spoiler ya &amp;amp; kasih alasan kenapa aku harus nonton itu ð",[],in,,0,11,1468,0
baseconvo,"ð aku mau nanya dong, buat yang masih di tahap gejala leukimia itu bakalan bisa sembuh gak??",[],in,,2,0,1068,0
baseconvo,ð gais ada yg tau web/apk yg bisa cek following yg udh lama ga aktif? males cek satu satu:(,[],in,,9,2,1803,1
baseconvo,ð semangat y guys ,[],in,,25,1,2314,13
baseconvo,MENFSS ON!,[],de,,2,2,861,0
baseconvo,ð­ gais aku masih butuh 5 orang buat user testing :( please yg bersedia dan lagi gak sibuk bantu dong :( terutama yang familiar sama maze tapi kalo gak familiar gapapa kok gais please udh deadline nih :(,[],in,,0,2,1314,0
baseconvo,"ð halooo ada yang mau freelance? lumayan penghasilan kecil kecilan dan jam kerja fleksibel bisa dikerjain kapan aja, aku punya dan ini udah aman dan trusted. kalau ada yang mau aku dm yaa! ð",[],in,,13,161,9433,0
baseconvo,ð tone up cream ini masih ada gak sih? Sender cocok soalnya:( ,[],in,,0,1,1051,0
baseconvo,"guys yang alumni ldr, mohon reviewnya dong sukses atau ngga dan saran saran. terima kasihð",[],in,,0,15,2108,0
baseconvo,"ð¤ lagi laper tapi gak pengen makanan asin, kalian ada saran yang makanan manis manis gak :(",[],in,,0,20,2287,0
baseconvo,"ð aku kan bulan juni tanggal 21 udah haid, selesai tanggal 27 an. terus kemarin abis demam tinggi 40Â° 4 hari berturut-turut, hari ini sembuh tapi tiba-tiba aku haid lagið­ kalo aku cek ke poli kandungan buat usg aja udah cukup belum ya? kalian ada yang kaya gini ga?",[],in,,1,1,946,0
baseconvo,ð guys mending ambil desain grafis atau multimedia yaa,[],in,,0,6,1923,0
baseconvo,ð info promo pulsa dong:(((,[],in,,0,0,1118,0
baseconvo,"ð¤ mulai sekarang yuk kita perbaiki semua perilaku kita, karena hukum tabur tuai itu nyata ð«¶ ",[],in,,6,0,1380,1
baseconvo,"BASECONVO OPEN FOLLBACK

1. Repost tweet ini
2. Repost tweet di bawah
3. Reply done Ce

Good luck! ð¥°",[],en,,36,199,9637,169
baseconvo,aku tunggu 5 menit lagi yuk!,[],in,baseconvo,5,11,1323,0
baseconvo,"RT @baseconvo: BASECONVO OPEN FOLLBACK

1. Repost tweet ini
2. Repost tweet di bawah
3. Reply done Ce

Good luck! ð¥°",[],en,,0,0,0,169
baseconvo,RT @manjirko: WOWWW berkah lulus sidang kah ini? timakaci buanyaa base! ð @baseconvo ,[],in,,0,0,0,1
baseconvo,RT @sampuwrna: AAAAAA AKU DIFOLLBACK. MAKASIHHHH CEEEE. LOPYUU SEKEBONN ð«¶ð»ð«¶ð» @baseconvo ,[],in,,0,0,0,1
baseconvo,RT @enfjul: THANK YOU SO MUCH @baseconvo ðð«¶ð»ð ,[],en,,0,0,0,1
baseconvo,"BASECONVO OPEN FOLLBACK!

1. Repost tweet ini
2. Repost tweet di bawah
3. Reply done Ce

Good luck!",[],en,,32,200,9970,163
baseconvo,Udah pada ikutan?,[],in,baseconvo,1,16,883,0
baseconvo,"RT @baseconvo: BASECONVO OPEN FOLLBACK!

1. Repost tweet ini
2. Repost tweet di bawah
3. Reply done Ce

Good luck!",[],en,,0,0,0,163
baseconvo,RT @baseconvo: OPEN FOLLBACK YUK REPOST!,[],en,,0,0,0,167
baseconvo,"ð sakit dikit , tpi gpp ð ",[],in,,1,0,1029,0
baseconvo,ðsaran kegiatan pas anniv dongðð»ââï¸,[],in,,3,17,2669,0
baseconvo,"ð ini chat kemarin jadi sender tanyain kenapa ngilang gitu dan jawabannya begitu. Nah chatnya aja belum dibuka, gimana mau bales coba? Emang tau konteksnya kalau ngirim reels/video tanpa buka room chat? Menurut kalian ini lagi ngehindar ga? Btw hanya teman saja sih wkwkwk ",[],in,,2,2,961,0
baseconvo,"RT @convomf: [ E-BERKAH ]  

Halo, kami mohon bantuannya untuk up E-Berkah.  E-Berkah fokus dengan beberapa kegiatan utama yaitu Jumat Berkâ¦",[],in,,0,0,0,950
baseconvo,ð coba sebutin rekor terlama kalian pdkt/hts sama orang,[],in,,7,119,14848,0
baseconvo,ð pernah ngga si kalian diposisi  lagi gagal tapi ngucapin selamat ke orang yg berhasil??? sedih bgt gasih wkwk :(,[],in,,179,92,12419,23
baseconvo,"ð­ hai kakak-kakak, umur 18 tuh masih bisa tumbuh tinggi ga sih? ada yg mau ngeshare ga tips biar cepet tinggi?",[],in,,2,11,2000,0
baseconvo,ð¤ maw mutualan ma akun random dan sering misuh misuh dong. avaku pake kacamata melet,[],in,,3,47,4975,0
baseconvo,ð guys kasih saran tws yang bagus menurut kalian dong,[],in,,2,14,1853,0
baseconvo,"ð temen"" kalian belajar bahasa Inggris otodidak atau les ya? Kalo otodidak, cara belajarnya bagaimana? Terus kalau les, les dimana? Di GO gitu bagus ga sih? Terima kasih",[],in,,0,11,1595,0
baseconvo,ð­ bsk mau ujian malah galau â¹ï¸ saranin sesuatu biar ga galau dong guys,[],in,,1,17,1751,0
baseconvo,"ð makan malam di setir warga baseconvo, enaknya ketoprak atau martabak?",[],in,,0,63,3608,0
baseconvo,"ð­ ada yg punya angka angka kecil yang aku buletin itu gak ya? boleh bagi di rep kah? soalnya di papan ketik ku gk ada, atau yg pake ios tau caranya boleh dong di share terima kasih ðð ",[],in,,6,12,2191,0
baseconvo,"ð­ gais kalo mau menjadikan Hakim Pengadilan sebagai subjek wawancara penelitian, itu mengajukan surat pengantar penelitiannya ke Pengadilan terkait atau bukan ya? Makasihðð¼",[],in,,3,2,1600,0
baseconvo,ð­ Guys ada yang tau ga aplikasi trusted buat cek follow/unfoll Instagr*m?ð­ Cape banget cek satu persatu plsss,[],in,,0,0,967,0
baseconvo,"ð saran dong guys! mending ambil hp 14s dq5118tu 8GB bisa di update smpe 16GB (i5 gen 12), asus vivobook e1404fa ryzen 5 16GB tapi denger"" layarnya masih TN atau lenovo ideapad slim 3 (i5 gen 12) 8GB tapi gabisa di update. kebutuhan untuk kuliah perpajakan -c",[],in,,4,3,1768,0
baseconvo,"disclaimer harganya mirip bgt, cuma selisih 50k-100k an",[],in,baseconvo,0,0,487,0
baseconvo,ð timnas pusat itu apa maksudnya gais? ð¥²,[],in,,0,5,1468,0
baseconvo,"ð [cm] plss bantu sender mo sidaaang huuaa mo lulus, masi butuh responden 100+ kriteria mahasiswa jogja. pweaseee isi ya yaaa! ð¥º ini link nyaa :  https://bit.ly/bantumoluluspls 
TYSM semogaa lancarr dan sehattt! ðð»ââï¸ð«¶ð»ð«¶ð»ð«¶ð» ",[],in,,0,1,444,0
baseconvo,ð orang bilang ABG sekarang,[],in,,0,3,1602,0
baseconvo,ð gusy ada saran ga sebelum buyi acc ml dri org??,[],in,,0,0,782,0
baseconvo,Kangen fase alay pas naksir kakel semasa SMA. Naksirnya tuh another level sih. Kek senengnya bukan maen pdhl cuma liat beberapa detik doang wkwk ð ,[],in,,14,7,2288,0
baseconvo,"ðhi gusy, aku mau buat pengumuman ð¢AKU LG JATUH CINTA SAMA PASANGAN KUð¥°ð, rasa nya kayak EVERYTIME I SEE HIM, I FALL IN LOVE ALL OVER AGAIN tau gak sih, sender gak aneh kan ya karna selalu jatuh cinta sama orang yg samað¥¹ I LOVE HIM SO BADð ð",[],in,,4,2,895,0
baseconvo,"Boleh minta sarannya, lebih baik stay di perusahaan awal, atau ambil offering yang di bali ?  ð ",[],in,,2,2,1297,0
baseconvo,"ð guyss, tolong saranin laptop under 8jt yang bisa buat kuliah sekaligus main genshin dong, ada ndak yaa?",[],in,,5,1,1439,0
baseconvo,"Kenapa di antara semua gejala PMS, gw selalu ngalamin yang namana jerawat hormonal??? Why?? Gw caphek tau ga, pdhl pake skincare kyk biasanya tapi jerawat tiba2 muncul. 1 sembuh, besoknya muncul 2 jerawatnya. mulus cuma 2 mingguð­ ð ",[],in,,0,0,624,0
baseconvo,"ð di tahun 2024, hari ini pertama kalinya sender nangis sampe sesenggukan :(",[],in,,3,9,2541,1
baseconvo,"ð hi gusi, boleh rekomen lagu? Terserah genre apa aja, tapi klo bisa yang kalemÂ² aja kayak aku ya makasihð«¶",[],in,,3,28,3483,0
baseconvo,"ð­ kalian pake kulkas apa gais? spill dong, sender lg cari referensi yg mantap",[],in,,0,11,1777,0
baseconvo,"ð saran dong buat ngirim barang mending jne atau jnt dan apa alasannya, thanku ð«¶ð»",[],in,,0,5,1334,0
baseconvo,"ð aku mau nanya, kalau mapel pas SMA ada Fisika, Geografi, Ekonomi dan Sejarah Indo itu nnti pas kuliah bisa masuk fakultas/jurusan apa saja ?",[],in,,1,5,1475,0
baseconvo,ð mau save atau ngga save kontak orang tuh hak kita kan guys? gue habis diomongin orang karena gak save nomor dia padahal kita deket aja ngga wkwk. apa harus gue kasih tau kalau gue cuma punya 10 kontak di hp ð,[],in,,1,3,961,0
baseconvo,ð guys ada yang tau ga cara balikin akun tt yg kek gini ,[],in,,2,4,1165,0
baseconvo,ð cara yang ampuh buat ngilangin kutu rambut itu gmn ya? terimakasih sebelumnya ð«¶,[],in,,7,32,4615,0
baseconvo,"Guys boleh tolong bantu ini apa aja ya? 
1. NU gre*n tea 
2. Cle0(?) 
3. Roti sobek isi coklat 
4.  
Yang diatas udh bener apa belum? Terimakasih kakak-kakak ð«ð ",[],in,,421,18,19015,8
baseconvo,kita full manual lagi ya ges,[],in,,7,17,4006,0
baseconvo,"ð Plis ak -1 topik, infokan topik menarique",[],ht,,0,2,1483,0
baseconvo,ð­ ada saran kado buat laki laku budget 500k ð¥¹âð»,[],in,,3,10,2114,0
baseconvo,ð­ atutitatitut,[],eu,,5,6,1959,0
baseconvo,"ð eehhh gais halooo sender udh lama ga ngerasain butterfly era AQPMWLQPMSKSKS trs td sender diajak jln sm tmn sd, baru chtan td pagi sih, iyain ga yhh ajakan jalannya. kaya kecepetan gasihhhð­ð­ð­ð­ð­",[],in,,1,1,1166,0
baseconvo,"ð Guys, kasih tau aku kalo di umur 20an awal early 23-25 kehilangan temen tuh gapapa banget. Kayak yaudah, sendiri pun ga masalah. Is it okay kan ya?",[],in,,27,39,5493,4
baseconvo,ð­Halo ada yang mau bantu isi Skala penelitianku ? butuh 200 Responden nih ð­ kriterianya kpopers Usia 12 sampai 27 tahun ya. yang mau rep yaa nanti aku muncul di rep hehe makasiii,[],in,,1,27,2666,1
baseconvo,"ð
salep buat kapalan apa plis yang bagusss, ko ini tiba2 kaki aku kapalan dikit!!ð­ takut makin parah atau takut mata ikanð",[],in,,0,0,938,0
baseconvo,ð (titipan) ada saran ngga harus gimana? (jangan salty tolonggð¥ºð¢) ,[],in,,4,0,1197,0
baseconvo,movie haikyuu yg baru keluar kmarin msh tayang ga si di cgv? trus nnti bakal ditayangin ulang di net ga? ð­,[],in,,1,1,1169,0
baseconvo,ð guys mending lanjut nugas atau bengong aja ya?,[],in,,2,43,3037,0
baseconvo,ð­ guysss besok aku ada pengumuman seleksi. tolong doain aku lolos yaaa ð¥¹ð¤ soalnya udah aku nanti2 bgt dari taun laluu ð¥¹ terimakasihh ð¤ð¤,[],in,,1,2,888,0
baseconvo,ð­ siapa setuju inisial R berbahaya???!!!,[],in,,82,192,22224,15
baseconvo,ð­ KAFKA GUE KANGEN,[],in,,1,20,3372,0
baseconvo,ð hari ini gimana? cape ga?,[],in,,3,38,3685,1
baseconvo,ð PLEASEEEE AKUU GABOLEH IRI SAMA PENCAPAIAN ATAU PROSES SAMA SEORANG SAHABATTTT....AKU JUGA BISAA KOKKK!!!! disisi lain ikut seneng ngucapin tapi disisi lain juga kok nyesek masi gini aja aku padahal udah berusaha juga dan lagi nunggu hasil saat inið,[],in,,28,5,1611,0
baseconvo,ð tips agar jam 10an bisa langsung tidur gmn ya? Ak begadang terus akhirÂ² ini ððð,[],in,,1,13,1959,0
baseconvo,"ð ada yang mau freelance ga? bisa dikerjain waktu gabut nih dan lumayan buat nambah jajan, ada yang mau gak? rep aja ya aku gedor dm nya, jgn lupa open dm yaa!!",[],in,,12,132,9889,0
baseconvo,"ð­ saran jurusan kuliah buat orang pemalu, yang gak terlalu banyak bersosialisasinya dong ðð",[],in,,29,45,10472,0
baseconvo,"ð­ tw // korea

Guys, kalo bakornya ""Kimbab ini sangat cantik"" apa ya?ð­

Terimakasih..",[],in,,0,9,1867,0
baseconvo,ð­ ada yang mau mutualan spotify ga guys?,[],in,,2,33,4113,0
baseconvo,ð gas apa yg akan kalian lakuin klo besok kalian dinikahin sm org yg ga kalian knl?ð­ð­,[],in,,3,38,4440,0
baseconvo,"ð­ mana sweet message mu itu, liat dong",[],in,,17,32,19983,0
baseconvo,ð¤ hellooo everyone. i'm looking for new moots alias mutualan sama guweh flis. akunku unlabeled tapi tapi tapi aku into kpop (especially aespateez) dan anime (iyh gweh vvibu). homophobic jangan refly (bjirtlah reflai) dulu yeah. akunku depannya huruf a yeah,[],in,,9,30,3362,0
baseconvo,"ð¤ taun dpn pacarku ngajak nikah (taun dpn kt 20&amp;19). Alasan dia ngajak nikah krn ga mau terlalu lama zina(pacaran). Perkara nafkah, dia udh ada penghasilan sendiri melalui usaha jualan onlinenya. Menurut kalian gmn? Mohon pencerahannyaðð»ðð»",[],in,,4,25,4105,0
baseconvo,"ð gais, tolong saranin makanan yang ga bikin aslam naik dong :(( timacii",[],in,,0,10,1930,1
